Pow_F3_Delta,Pow_F3_Theta,Pow_F3_Low_Alpha,Pow_F3_High_Alpha,Pow_F3_Low_Beta,Pow_F3_High_Beta,Pow_F3_Low_Gamma,Pow_F3_High_Gamma,Pow_F4_Delta,Pow_F4_Theta,Pow_F4_Low_Alpha,Pow_F4_High_Alpha,Pow_F4_Low_Beta,Pow_F4_High_Beta,Pow_F4_Low_Gamma,Pow_F4_High_Gamma,Pow_C3_Delta,Pow_C3_Theta,Pow_C3_Low_Alpha,Pow_C3_High_Alpha,Pow_C3_Low_Beta,Pow_C3_High_Beta,Pow_C3_Low_Gamma,Pow_C3_High_Gamma,Pow_C4_Delta,Pow_C4_Theta,Pow_C4_Low_Alpha,Pow_C4_High_Alpha,Pow_C4_Low_Beta,Pow_C4_High_Beta,Pow_C4_Low_Gamma,Pow_C4_High_Gamma,Pow_P3_Delta,Pow_P3_Theta,Pow_P3_Low_Alpha,Pow_P3_High_Alpha,Pow_P3_Low_Beta,Pow_P3_High_Beta,Pow_P3_Low_Gamma,Pow_P3_High_Gamma,Pow_P4_Delta,Pow_P4_Theta,Pow_P4_Low_Alpha,Pow_P4_High_Alpha,Pow_P4_Low_Beta,Pow_P4_High_Beta,Pow_P4_Low_Gamma,Pow_P4_High_Gamma,Pow_O1_Delta,Pow_O1_Theta,Pow_O1_Low_Alpha,Pow_O1_High_Alpha,Pow_O1_Low_Beta,Pow_O1_High_Beta,Pow_O1_Low_Gamma,Pow_O1_High_Gamma,Pow_O2_Delta,Pow_O2_Theta,Pow_O2_Low_Alpha,Pow_O2_High_Alpha,Pow_O2_Low_Beta,Pow_O2_High_Beta,Pow_O2_Low_Gamma,Pow_O2_High_Gamma,Pow_F7_Delta,Pow_F7_Theta,Pow_F7_Low_Alpha,Pow_F7_High_Alpha,Pow_F7_Low_Beta,Pow_F7_High_Beta,Pow_F7_Low_Gamma,Pow_F7_High_Gamma,Pow_F8_Delta,Pow_F8_Theta,Pow_F8_Low_Alpha,Pow_F8_High_Alpha,Pow_F8_Low_Beta,Pow_F8_High_Beta,Pow_F8_Low_Gamma,Pow_F8_High_Gamma,Pow_T7_Delta,Pow_T7_Theta,Pow_T7_Low_Alpha,Pow_T7_High_Alpha,Pow_T7_Low_Beta,Pow_T7_High_Beta,Pow_T7_Low_Gamma,Pow_T7_High_Gamma,Pow_T8_Delta,Pow_T8_Theta,Pow_T8_Low_Alpha,Pow_T8_High_Alpha,Pow_T8_Low_Beta,Pow_T8_High_Beta,Pow_T8_Low_Gamma,Pow_T8_High_Gamma,Pow_P7_Delta,Pow_P7_Theta,Pow_P7_Low_Alpha,Pow_P7_High_Alpha,Pow_P7_Low_Beta,Pow_P7_High_Beta,Pow_P7_Low_Gamma,Pow_P7_High_Gamma,Pow_P8_Delta,Pow_P8_Theta,Pow_P8_Low_Alpha,Pow_P8_High_Alpha,Pow_P8_Low_Beta,Pow_P8_High_Beta,Pow_P8_Low_Gamma,Pow_P8_High_Gamma,Pow_Fz_Delta,Pow_Fz_Theta,Pow_Fz_Low_Alpha,Pow_Fz_High_Alpha,Pow_Fz_Low_Beta,Pow_Fz_High_Beta,Pow_Fz_Low_Gamma,Pow_Fz_High_Gamma,Pow_Cz_Delta,Pow_Cz_Theta,Pow_Cz_Low_Alpha,Pow_Cz_High_Alpha,Pow_Cz_Low_Beta,Pow_Cz_High_Beta,Pow_Cz_Low_Gamma,Pow_Cz_High_Gamma,Pow_Pz_Delta,Pow_Pz_Theta,Pow_Pz_Low_Alpha,Pow_Pz_High_Alpha,Pow_Pz_Low_Beta,Pow_Pz_High_Beta,Pow_Pz_Low_Gamma,Pow_Pz_High_Gamma,patient_id,pain_score
2.2404986892939988e-13,3.1758198540875264e-13,1.856153526454668e-13,3.6219509409201243e-13,6.431204768057285e-13,4.045271403471733e-12,1.2263424043543688e-11,1.5634612617462334e-11,9.146682471327789e-14,1.0762330326978227e-13,6.234180896008943e-14,1.0717091951600256e-13,1.8896351585169459e-13,1.1985375730521592e-12,3.6767689912037175e-12,4.815627941417941e-12,6.803371766126224e-14,7.16450801303013e-14,4.390596446527065e-14,6.90164731995363e-14,1.4524395968450692e-13,7.971745375653847e-13,2.113335062998182e-12,3.6505982438639625e-12,6.728352531437067e-14,7.509573441991878e-14,4.7250235363463253e-14,8.822598715984434e-14,1.5383707240676061e-13,8.829436846364827e-13,2.382978403268114e-12,3.225931693385886e-12,1.2199961983740073e-13,1.5388683129300506e-13,8.710966543843835e-14,1.5495437621798966e-13,2.947568162971711e-13,1.6003635733079682e-12,5.6011980680154926e-12,8.669865719111187e-12,9.985412631567592e-14,1.149711347955827e-13,8.27286804703774e-14,1.901153303133438e-13,3.472443031400144e-13,1.316785293937553e-12,2.779981361049677e-12,4.131522543012404e-12,7.557165988477481e-13,7.797998982137116e-13,4.54870521675639e-13,7.366029150681496e-13,1.2480712765966517e-12,6.480167496058984e-12,2.9223255364985156e-11,5.498025212743336e-11,3.7111142696024865e-13,3.864158773853265e-13,2.3402718874087316e-13,3.751864318971597e-13,6.014811421081107e-13,3.444444334786763e-12,1.51237138419829e-11,2.8344342184729142e-11,2.391640416856678e-13,2.5652197350173436e-13,1.4072378177714399e-13,2.6500750444241874e-13,4.64933591289811e-13,2.3674112483495625e-12,1.0824473015332843e-11,1.5697943086847518e-11,1.5680290047550034e-13,2.0144330747465828e-13,1.0585004789879772e-13,2.030421922432601e-13,3.1714381018240247e-13,1.9561973453163646e-12,6.806421515572433e-12,1.0122982728523828e-11,1.6011085503190402e-13,2.0453993344509366e-13,1.0298578380024108e-13,1.8467992015078769e-13,3.07999643249501e-13,1.83576620952068e-12,7.767691981621519e-12,1.3239611440218145e-11,9.348365109645357e-14,1.1685750520042525e-13,6.677416095410929e-14,1.0499547409206499e-13,2.1263784905168053e-13,1.1803129128526606e-12,3.5818078227885803e-12,6.145240121195458e-12,9.73250592481765e-13,1.1116232915108957e-12,6.209158232638502e-13,9.72395962543552e-13,1.5482583605655343e-12,9.026180199132582e-12,4.0180547292202756e-11,7.848540903273947e-11,2.1506957224493287e-13,2.629276370256465e-13,1.552371893260905e-13,2.499694242240171e-13,4.149642137208123e-13,2.204014329446963e-12,1.0232468240860686e-11,2.109215429793307e-11,1.113752438108522e-13,1.2316509481011035e-13,7.700408256038607e-14,1.4221417424085693e-13,2.505691589477431e-13,1.5776494754029746e-12,4.547270855230624e-12,4.560836129439558e-12,6.684602692394428e-14,7.152780173738265e-14,4.139329657536902e-14,7.867670225468031e-14,1.483996889451194e-13,8.886540288153057e-13,2.6613551583734333e-12,2.9796956962032566e-12,8.753391863814395e-14,1.1255174444850287e-13,9.44359526182568e-14,2.4051134723252415e-13,5.566027823341909e-13,1.5433431178881385e-12,3.0272092536694e-12,3.2394582540675207e-12,0,7.0
8.209201356823247e-13,8.879953876622444e-13,4.89898698658336e-13,8.63411877983095e-13,1.4562325038047967e-12,7.509618865624789e-12,3.000203360409019e-11,6.341489527165502e-11,1.4738550019470465e-12,1.626702069001244e-12,1.0199116722137471e-12,1.487589865918219e-12,2.523152261398112e-12,1.3478195336331518e-11,6.42178749192333e-11,1.2509490369718362e-10,3.0910164002481903e-13,3.744628946893117e-13,2.2500278073812504e-13,3.989454035940773e-13,6.042202821878877e-13,2.6813056328535224e-12,9.078086468289701e-12,2.447570391792965e-11,4.74867487972139e-13,4.992846764672757e-13,2.6608065739039655e-13,5.030067262629182e-13,7.485444008566472e-13,3.541541028806714e-12,1.3551854187672292e-11,3.8491993229594656e-11,1.0228653544439994e-13,1.5926810348748522e-13,1.2111531729520492e-13,3.0588785230686485e-13,5.733692638025576e-13,2.064754030558818e-12,2.6330338922771376e-12,7.953731599863114e-12,2.983998291178086e-13,3.8118587247205427e-13,2.5134525092506325e-13,4.28628550626723e-13,5.781804586066188e-13,2.4843796674247104e-12,8.880808332299668e-12,2.170767163079492e-11,1.3184000176898357e-13,1.4657123539770617e-13,8.608069700977034e-14,1.3703903624135997e-13,2.2269680504763414e-13,1.1768542298806695e-12,4.16229662771413e-12,1.1822142954800021e-11,4.733638795446458e-13,5.60438411374417e-13,3.379880878347128e-13,4.969388225676944e-13,7.489793400441749e-13,3.4424378516384445e-12,1.470016665226495e-11,4.76652732424552e-11,5.885691440432005e-13,6.47452063918245e-13,3.46189771235128e-13,5.890619968829535e-13,9.604896648411904e-13,4.386346894955445e-12,1.783462862656997e-11,5.464907385365477e-11,4.719905166839909e-13,4.680480815818849e-13,2.831068058636359e-13,4.584135364945665e-13,7.074276708993522e-13,3.782043752818928e-12,1.5850846815017587e-11,5.2452794457109914e-11,4.269459573900008e-13,4.519688406493655e-13,2.8206845566516583e-13,4.585096719663654e-13,6.460402098159432e-13,3.544363083144349e-12,1.5555585628836263e-11,3.46414621967974e-11,1.0688099287439878e-12,1.3048225613075743e-12,6.863379312566863e-13,1.1775078243673913e-12,1.6969433764636284e-12,8.69730447299734e-12,3.956790210933118e-11,1.0738957561851992e-10,3.1012426554982343e-13,3.0486475225991064e-13,1.9996893412939074e-13,3.222765352240683e-13,5.912511500410808e-13,3.654606533063953e-12,1.318391424778285e-11,1.806923272600657e-11,5.363371938893967e-13,5.398056957694137e-13,3.241505082603848e-13,5.103344872907547e-13,8.45576384731042e-13,5.253808797602194e-12,2.2001143728565347e-11,3.8934197533768225e-11,9.3573340863898e-14,1.106751020476325e-13,7.233579885080158e-14,1.3339708953336527e-13,2.174971509870685e-13,1.1803553580049676e-12,2.7973282602975193e-12,5.054443724727772e-12,8.5077966936574e-14,9.735940371304018e-14,6.363145453371657e-14,1.1103274542404259e-13,2.0255263398453333e-13,1.2371025738725269e-12,3.327998567577947e-12,4.4031648047062105e-12,6.807538705244259e-14,9.411150267600007e-14,5.674941918790407e-14,1.0573833163492185e-13,1.7489281129147368e-13,8.247588023121454e-13,2.2265039104802133e-12,5.817801581643301e-12,1,4.0
2.2919510113045153e-13,1.278994173704871e-12,1.300117070877485e-12,1.3628319924307084e-12,5.925925636193174e-13,1.8499610753201e-12,1.7525843965051103e-12,2.8012778448838414e-12,4.2911445617290007e-13,1.6317478125103538e-12,1.5571754296223768e-12,2.2926741043572766e-12,1.1069233498224003e-12,2.924528433054033e-12,2.056373560866638e-12,3.854708154870361e-12,1.4715000112739743e-13,5.224326556168634e-13,5.37940990616023e-13,7.183095281298902e-13,8.149486374535592e-13,2.1222016579347673e-12,1.911452020548165e-12,1.8763982611896827e-12,2.8206093920819395e-13,1.2812053202310143e-12,1.194614328164687e-12,1.6508137641079018e-12,1.193147239460427e-12,2.9866954500701552e-12,1.635355686592462e-12,1.3504745796210306e-12,2.396229261154763e-12,1.238749082002621e-11,1.841860155734726e-11,1.8053734424081983e-11,7.26169051259768e-12,1.5928688872438438e-11,4.427488840448867e-12,2.443658323936443e-12,5.593313745895533e-12,3.331358691297698e-11,4.11457117337313e-11,4.509749601148381e-11,1.7106854347206318e-11,3.71469835404498e-11,9.057533863893011e-12,3.496893745838553e-12,2.949365070256697e-13,4.3431656369918313e-13,3.5490043152341346e-13,5.127161494654157e-13,6.522685148437781e-13,2.260546200390708e-12,7.947278609651185e-12,2.2577256738177252e-11,5.647403500981556e-13,7.252935937979519e-13,5.381446693870727e-13,7.77821684010067e-13,8.698336027144235e-13,4.3450074038967905e-12,1.5712641113523808e-11,5.028437924143977e-11,1.3395469477903445e-13,2.681482170618119e-13,2.490672756060353e-13,3.1743004959976264e-13,3.356976290336704e-13,1.5487687071123816e-12,4.6528343216957464e-12,8.87957977878412e-12,1.0754134221397977e-13,2.3033463777982725e-13,2.2713632213199258e-13,2.8492206858682887e-13,2.984711086616829e-13,1.272609660160165e-12,3.936975992701677e-12,1.574864145168543e-11,6.559772454754434e-13,9.483523302077555e-13,6.397109232935725e-13,1.0100803312467101e-12,1.7161745478649165e-12,8.343219281932903e-12,2.58457587151427e-11,2.685072096482161e-11,9.574290301169316e-14,2.320327788065029e-13,2.355017879568956e-13,3.281520643643297e-13,3.706837521799544e-13,1.5525390449822227e-12,2.5691701137695588e-12,3.677518838069235e-12,2.1652785708299545e-13,3.7454372154553374e-13,3.8248406570246506e-13,8.089935712654819e-13,1.1892193067850676e-12,3.497811649785611e-12,4.259807751034888e-12,7.253582304437228e-12,5.01811500558145e-13,1.2373697195311871e-12,1.4201272461567292e-12,2.092049234508574e-12,2.916077959715775e-12,1.1448942434940314e-11,7.641044312715345e-12,8.126965340742156e-12,2.9920261644308786e-13,1.5556842349346792e-12,1.4173171260444319e-12,1.2424973882412485e-12,9.428724708808934e-13,2.7033571424483155e-12,1.625726046289587e-12,1.6210334405356149e-12,3.0213211666695596e-13,1.807521923448915e-12,1.5908539055642417e-12,1.5225572162008918e-12,9.123402960708835e-13,2.279025098466461e-12,1.5051441054305644e-12,1.3263465613666086e-12,2.736333388662344e-13,1.7865702182389266e-12,1.6558453496787472e-12,1.6703721528955426e-12,6.664468175017759e-13,1.8634962330316747e-12,3.0239121260079214e-12,4.875538800731596e-12,2,3.0
1.1530381295890175e-13,1.409691491808795e-13,8.724961892574436e-14,1.5722005330200786e-13,2.3875237038111265e-13,1.302017462549587e-12,4.90704632919824e-12,8.79496119587782e-12,1.569974446012539e-13,1.872314235194803e-13,1.221672794235851e-13,2.1678884831866803e-13,3.9392885869315374e-13,2.1846543668492632e-12,6.612644863662328e-12,9.147324658517906e-12,7.288481278097645e-14,8.727840142190906e-14,6.18663797305208e-14,8.742708295519284e-14,1.3174993581697796e-13,5.872375606969224e-13,1.880862523422493e-12,4.5776588209949436e-12,8.852244581188698e-14,1.0755069712342564e-13,6.858633957509073e-14,8.972636452648252e-14,1.4434504521895203e-13,6.982211970196985e-13,2.5826274755965e-12,6.339453754212017e-12,7.013200624057892e-14,1.0878746010982418e-13,6.03946356270547e-14,1.0224289700343287e-13,1.7304431155617367e-13,9.473368604891178e-13,3.1743454071048828e-12,5.358429731924266e-12,1.6873668737468704e-13,4.2695318762593637e-13,3.6970363860664973e-13,5.966149070966423e-13,4.015589076349862e-13,1.096237102192531e-12,2.529895432349144e-12,4.391481554177711e-12,2.3500836243098165e-13,2.831162236247031e-13,1.594472227681437e-13,2.4041414107880303e-13,3.7456347977213916e-13,2.0231299369149107e-12,7.349871835586192e-12,2.2073307790587823e-11,2.2855537745619074e-13,2.692268632658169e-13,1.5409474056765472e-13,2.38588380645285e-13,3.2577377938667797e-13,1.5474750289423272e-12,5.614245787969596e-12,2.1245828968915648e-11,1.264943536745428e-13,1.474085547829606e-13,9.078963130427704e-14,1.4820699261209098e-13,2.1781365200644683e-13,1.223891489219024e-12,5.5507457933409694e-12,9.524197080708519e-12,1.9518631533615328e-13,2.2352592391789254e-13,1.3003346180615236e-13,2.1295621943753044e-13,2.933588632457829e-13,1.8732409517166473e-12,8.46010434358347e-12,1.860934288299594e-11,1.1122433066038395e-13,1.3187901834245596e-13,7.329584184706344e-14,1.4406507065927153e-13,2.332636849053044e-13,1.383063060333589e-12,3.6252020137967267e-12,5.081231588380826e-12,1.4095233060622539e-13,1.6482228324246015e-13,9.863491127547296e-14,1.6969131445472617e-13,2.594535529329316e-13,1.3718615009449882e-12,5.552734492770063e-12,1.141222174983986e-11,8.567209656641078e-14,1.1627967464884363e-13,7.767577179529787e-14,1.1467063531362676e-13,1.8860541764356765e-13,9.353865523658651e-13,2.8647563328517683e-12,6.086813059917571e-12,9.701381881912281e-14,1.2148031217566019e-13,6.64206374496482e-14,1.1638585027839376e-13,1.728811976177891e-13,8.69920901976047e-13,3.408945582469001e-12,8.885721095636321e-12,4.36945601030973e-14,6.421136997647976e-14,4.281600825197992e-14,7.51423426898084e-14,1.3404853709678046e-13,8.07224814324186e-13,1.729312471823386e-12,2.2099327065479807e-12,4.6718815701267785e-14,2.1784902825103743e-13,2.567560347332531e-13,1.7349268890729578e-13,1.1862861252686795e-13,7.183957203979245e-13,1.5293374169350425e-12,1.763041114192182e-12,1.5508083502476866e-13,1.1024018271281627e-12,1.0168594173137968e-12,8.528793229007349e-13,1.2010098641069835e-13,5.270697493872453e-13,1.4355218778331667e-12,3.04049004415827e-12,3,8.0
9.292756668138463e-14,9.991423968685294e-14,6.369497033226168e-14,1.2795270309814073e-13,2.082342016898873e-13,1.0329504509844809e-12,2.6395175668578927e-12,6.4062425523834905e-12,7.127630223458565e-14,9.505342968698402e-14,8.163377095426622e-14,1.629403461583125e-13,4.035506858024454e-13,1.472913993208768e-12,2.110197174473612e-12,7.927127170378749e-12,2.88757205297326e-13,3.7791901831306977e-13,2.767964113506835e-13,5.359603373636051e-13,1.0428796002325047e-12,2.8598620944850716e-12,8.892146183786439e-12,1.985290006267262e-11,5.4391335368058014e-14,7.726596696430669e-14,6.476178111557423e-14,1.3289857371291535e-13,3.3590115435623135e-13,1.51654911657173e-12,1.621023272345056e-12,2.3711956215836723e-12,4.847679126172835e-14,5.172883596891216e-14,3.5320973201966526e-14,5.886834428292576e-14,1.1221965817586554e-13,5.693468934431047e-13,1.6202764422649596e-12,3.7229264689842665e-12,5.560604480359318e-14,6.403599985738071e-14,3.873814417250174e-14,7.063657779166444e-14,1.2401321596720315e-13,7.82610354386709e-13,1.9328424947880205e-12,3.3223226088884493e-12,8.984111839935325e-14,1.0972947532493654e-13,6.927383765890608e-14,1.1937578378628447e-13,1.857183545734845e-13,9.96422073354074e-13,3.7690667955047746e-12,8.853447637679389e-12,1.0834469381989929e-13,1.1500926279522162e-13,7.387201531104436e-14,1.2106592717799223e-13,2.1205114541486122e-13,1.1094829024687445e-12,4.2453786178888376e-12,8.947568777560591e-12,1.6414652493451644e-13,1.8017647310659063e-13,1.107610610350775e-13,1.692416980894339e-13,3.072519928246248e-13,1.4431914444937917e-12,6.060723168221408e-12,1.2266613234270416e-11,1.0695800681371218e-13,1.3002651224504814e-13,7.347903867606138e-14,1.6105996453985203e-13,3.2099077166808405e-13,1.2673036421123443e-12,2.9830048043143475e-12,6.872857705200095e-12,6.237116618995216e-13,6.531360828272543e-13,4.3240122584057565e-13,7.168992976232872e-13,1.1371147263141251e-12,6.2148608875437595e-12,2.5545338106198545e-11,4.6632137136571833e-11,1.4736309692365544e-13,1.6526476815506743e-13,9.478053122197022e-14,1.693171170359417e-13,2.5957868674819293e-13,1.2406868199396845e-12,4.555367991034748e-12,1.0981481283800342e-11,2.219115411161932e-13,2.51273942157719e-13,1.3989891160775608e-13,2.4420243577249085e-13,4.0181830678424506e-13,2.4074646232810425e-12,9.547263445215754e-12,1.5828147794787918e-11,1.0032212671128168e-13,1.1374822914267362e-13,6.190186290235141e-14,1.132610169306669e-13,2.220849113096414e-13,1.3042010481208781e-12,4.463934657875797e-12,8.239593194652814e-12,9.484289304322542e-14,1.3110407802340554e-13,1.0785634949349493e-13,2.5507456515349105e-13,7.144785330205587e-13,4.006249691259707e-12,1.8090036495535601e-12,3.035774822908299e-12,5.0853678760481716e-14,6.92703387938415e-14,5.256099151342451e-14,1.4094203032294853e-13,2.745893753649611e-13,1.839417480921871e-12,1.4818966406000163e-12,1.8346977872621942e-12,3.819120767421062e-14,4.639320727907748e-14,2.964798828206567e-14,5.4576014199157235e-14,1.0162959725461805e-13,6.109262981701385e-13,1.5635381241526921e-12,2.359279652605987e-12,4,5.0
2.3221066246582716e-13,3.3314992171462663e-13,2.5537670620921287e-13,6.372030942275558e-13,1.9759162154842396e-12,2.1043755707798487e-11,5.357283555165789e-12,2.310375241035776e-12,2.3054225736202017e-13,3.3866340926723155e-13,2.4049012439452776e-13,5.627300408719383e-13,1.6687132858046739e-12,1.8936830082806085e-11,5.0848504214148105e-12,4.296516718892374e-12,1.312732756993823e-13,1.6772494612776679e-13,1.2954029475858367e-13,3.3464082466150193e-13,8.74565136519545e-13,4.5751318457235e-12,1.9583850472787633e-12,3.239048998871746e-12,1.237241807675872e-13,1.533424902480081e-13,1.1768246625963665e-13,2.704398165052764e-13,7.097111155868772e-13,4.058791081688366e-12,2.3249168139383943e-12,4.171770676252157e-12,3.353277209602426e-13,5.614280476695075e-13,5.17077220004837e-13,1.337499325138589e-12,3.0296839076749516e-12,1.8174810795861288e-11,4.22476159139597e-12,3.310411807247613e-12,3.5134165667843845e-13,5.707253717814632e-13,5.252625551436558e-13,1.0067900215789296e-12,2.4609918427218873e-12,1.1650460643641856e-11,4.838676453843066e-12,4.290404106182569e-12,1.298810729534607e-13,1.7157601712390735e-13,1.447766022084552e-13,3.25053467600338e-13,7.745522526133806e-13,4.39852858731849e-12,2.743823176781578e-12,4.9193677024591e-12,5.378093628014977e-13,6.017808155609957e-13,3.771963607967772e-13,6.005767617675092e-13,1.013748939478467e-12,5.484301278522686e-12,1.7621989306025307e-11,4.2710064299919e-11,1.877388642900604e-13,2.165407408339212e-13,1.4496444666005223e-13,3.009347563740457e-13,7.862850778415703e-13,7.495454197340564e-12,4.533639921993888e-12,8.730834512190012e-12,1.4479516021951249e-13,1.7266578221773018e-13,1.2868061131697583e-13,2.6933382000419474e-13,5.70619667262452e-13,3.956305973182174e-12,4.528274731157997e-12,1.9394557608289966e-11,1.566727166579238e-13,2.0084580042097674e-13,1.6947875994931633e-13,3.9467290040002047e-13,1.1980037131745356e-12,5.642542712859252e-12,3.4697835253068325e-12,5.247220770384431e-12,1.556111181505801e-13,1.7418495543590885e-13,1.2550362047574823e-13,2.6777889271905125e-13,6.336893540248586e-13,3.619152816545083e-12,2.9754677397010484e-12,6.212392330782124e-12,2.821444832285138e-13,4.2954994927424857e-13,4.0067524546001704e-13,8.791847427982432e-13,2.5061188155811803e-12,1.104958654909338e-11,4.8120678726749606e-12,6.092277858632171e-12,2.3144983219418875e-13,3.1152019938463713e-13,2.421706464114911e-13,5.972041598013683e-13,1.4926469510692486e-12,7.198890384631896e-12,6.161378783925225e-12,1.0110042092198846e-11,3.887459764721566e-13,1.1402017775316177e-12,9.829189228128325e-13,1.1464501885423963e-12,3.190959500602861e-12,3.2081956314223114e-11,5.500572643328457e-12,1.521169638517605e-12,2.363951860225166e-13,6.94069716802326e-13,6.146073237994824e-13,9.176444578593236e-13,2.222266955937698e-12,1.1625360037730456e-11,2.293414653863185e-12,1.527666968246044e-12,1.3187941229805598e-13,3.250021149311946e-13,3.2319088421028076e-13,5.950976381684673e-13,1.1193683580809121e-12,7.0781503632345334e-12,2.9431360924756708e-12,3.54474694657781e-12,5,2.0
6.915176796084807e-14,1.3737106505194272e-13,1.0529296487226296e-13,1.702759619173295e-13,2.315237636678532e-13,1.1020369859228668e-12,1.6377242212702323e-12,4.476080025341024e-12,5.0440409186951906e-14,7.026176728371281e-14,4.110543959862857e-14,1.058534376794699e-13,2.3322441821393074e-13,1.1520699070517895e-12,1.5302463377027578e-12,4.742378224543653e-12,3.842990957609984e-14,4.628406125872171e-14,3.566282172256876e-14,6.840518588719461e-14,1.408319438272263e-13,8.262400617490604e-13,1.0125203583067204e-12,1.619387685659635e-12,3.247014128517066e-14,4.839619934284516e-14,3.302247296198575e-14,6.961609940450085e-14,1.8666786624048802e-13,1.05329625882148e-12,1.022227659128084e-12,1.7854829878519786e-12,5.34104764419288e-14,8.160470491586578e-14,5.389985584522643e-14,1.1181125094331936e-13,2.2895601104954454e-13,1.0461011661581711e-12,1.5953280868392472e-12,5.251540121806239e-12,8.728453849759606e-14,2.0419104954057843e-13,2.1471502826698492e-13,2.1017239061603866e-13,1.7828130698917286e-13,7.790576490749381e-13,1.0173444300351485e-12,1.7107487048290536e-12,1.5065675887971746e-13,1.5996874623983687e-13,1.0040052396257975e-13,1.5038977417254767e-13,2.2272443492508578e-13,1.0339667388431388e-12,4.084753718927898e-12,1.438550064059738e-11,8.504540876877596e-14,1.0734983784080042e-13,6.171467752708946e-14,1.0342630616099375e-13,1.5040611189822178e-13,7.785305678763542e-13,3.0180782127981e-12,8.859186533230056e-12,5.1235964169939596e-14,6.722779366185209e-14,4.474363325024307e-14,7.334965733361108e-14,1.289248276415771e-13,6.642643302953685e-13,1.8126188460879668e-12,4.625239008984444e-12,5.0987336748118163e-14,6.52732561484918e-14,3.730579355512163e-14,7.024805779397249e-14,1.3433113815533603e-13,7.358893625730605e-13,1.6359555881154855e-12,8.371665837596205e-12,1.0067052291124338e-13,1.2239165673995224e-13,6.857470689015774e-14,1.151405402103987e-13,1.9680586131146743e-13,1.0043949066590102e-12,2.9537178807797893e-12,7.836672752106145e-12,8.754248876389205e-14,1.0106755045503166e-13,6.275555640640859e-14,9.82181298457755e-14,1.6689119136713827e-13,8.045367168895419e-13,2.3552155068161508e-12,7.088519482437031e-12,6.21244153651332e-14,7.650387410771493e-14,5.683979624579491e-14,1.1092030459466851e-13,2.4811547179334143e-13,1.1528360491963903e-12,1.5996942790237424e-12,4.905681642331408e-12,9.796058304182578e-14,1.0177731250889712e-13,6.377190518821829e-14,1.0526693307785271e-13,1.7955308476033996e-13,9.68845969073434e-13,2.9025261300069747e-12,8.228386964422617e-12,6.210640088653729e-14,2.25222211815484e-13,2.0006939418303138e-13,2.4341714748742683e-13,2.543175549714858e-13,1.386773335500334e-12,1.3859395441351521e-12,1.6147778680098752e-12,4.319775918916252e-14,6.888191495713435e-14,5.276180815261796e-14,1.0698509042101168e-13,2.3560468219998023e-13,1.440979091974237e-12,9.68618245403357e-13,1.0727408181439864e-12,2.6905945142962268e-14,6.021909371232028e-14,7.984215090814261e-14,1.1227012633699184e-13,1.631477117054879e-13,7.952959292285211e-13,8.668932307199422e-13,1.9207118097672126e-12,6,7.0
5.965604726444563e-14,5.482975302500534e-14,3.418820913969228e-14,5.1943545270709714e-14,8.075334710630795e-14,5.142060911383341e-13,1.7527714383807612e-12,3.430039418033812e-12,3.754962114443106e-14,4.2778918696219915e-14,2.6197313222379185e-14,4.891626493769102e-14,8.767435935726877e-14,4.517332368530314e-13,1.239296772257678e-12,2.4205733612335356e-12,6.524368961269215e-14,7.357821095545693e-14,7.351796971477372e-14,1.8437554919264852e-13,2.919523574284556e-13,5.795631809807082e-13,1.2122097268387884e-12,1.7524542484479298e-12,5.79527960639082e-14,9.519433186552779e-14,6.601041671762408e-14,1.163674814995678e-13,2.1156685970425348e-13,6.272894568050314e-13,1.198483543498327e-12,2.006521259525436e-12,1.0350523454083997e-13,1.295568057453677e-13,8.783471928567923e-14,1.3608825784606406e-13,2.1339259912774145e-13,1.1075257306842357e-12,3.0489352828568662e-12,5.669338756252871e-12,1.506784034634142e-13,2.319192329807511e-13,2.7711234033815105e-13,6.784166737802601e-13,9.39758986994303e-13,1.875973763924981e-12,2.4529246790669998e-12,3.3341506534238575e-12,6.393276902737402e-13,7.065949666786941e-13,4.3220571939269125e-13,6.74985799285589e-13,1.1803322466032904e-12,6.84180375873928e-12,2.403177745698215e-11,5.503403443188704e-11,1.061805763941347e-13,1.226752791949733e-13,7.356413303126423e-14,1.2832015766919484e-13,2.1699757556642432e-13,1.0145933291220463e-12,2.951797024204733e-12,6.606135169052272e-12,1.2818295676353008e-13,1.599616173182226e-13,1.0839254539614756e-13,1.58020629192035e-13,2.789103604082775e-13,1.4749498605995467e-12,4.669829103327439e-12,8.562221967586553e-12,9.087895135065181e-14,9.393492635170701e-14,5.548171821688217e-14,8.598740233266534e-14,1.4547794223531373e-13,7.424210014567803e-13,2.3155975391270054e-12,5.395681596860285e-12,5.3597538118222837e-14,5.025063083172799e-14,3.117788291018658e-14,4.72191727846184e-14,8.46397783196114e-14,4.736649344326854e-13,1.5016751600712105e-12,3.5001773324726897e-12,1.2646817122056957e-13,1.2692039549902282e-13,8.613326504115369e-14,1.5017932489509996e-13,2.1310371901423977e-13,1.0365489394213417e-12,3.005938634769886e-12,7.119828882044871e-12,1.3962885150481884e-13,1.633274484236674e-13,8.79367373592326e-14,1.591446398319099e-13,2.335273285907593e-13,1.298056412560418e-12,4.457411383474717e-12,1.1605721721173098e-11,8.366337146354049e-14,1.1133313664736423e-13,6.230270513549087e-14,1.079476764324929e-13,1.5578038768020452e-13,8.446616758978715e-13,2.6272357794080265e-12,4.87125613603302e-12,1.242920872077466e-13,1.3829025292310917e-13,7.683966076374254e-14,1.187903381958774e-13,1.8084196042285715e-13,5.986953564611943e-13,1.4128395855506593e-12,2.3010495380500435e-12,4.798218933217907e-14,8.311070437084347e-14,6.857731290454895e-14,9.412266827304578e-14,1.9063173564743262e-13,6.942283279226902e-13,1.2770670426276054e-12,1.9744898678223352e-12,6.351756072530809e-14,6.418288718925589e-14,3.913720917087386e-14,8.224189039149652e-14,1.3167624389490476e-13,8.14551702554525e-13,1.5988406153263992e-12,2.954925939205665e-12,7,3.0
6.628331181422559e-13,7.798447650272607e-13,4.455461051210156e-13,7.50482336909886e-13,1.5229936787049125e-12,1.505693822065849e-11,2.5088776749958044e-11,3.087259678020675e-11,6.782742657479463e-13,9.161576526396546e-13,5.207385206598439e-13,9.231647503381006e-13,1.9992615630780847e-12,2.185264176771273e-11,3.6703614761405497e-11,3.559381352145045e-11,3.52970229079646e-13,4.0436453387525316e-13,3.109719883337098e-13,5.246878338368419e-13,1.1595530445179893e-12,8.039585515152067e-12,1.2713834823958706e-11,1.524991485952763e-11,2.723256723100923e-13,3.0484008979100605e-13,2.253171888398242e-13,4.129808649965946e-13,8.716114278167016e-13,8.563530605359642e-12,9.662969839701185e-12,9.701613299586008e-12,1.8092331011146009e-13,2.1448365239981367e-13,1.2749557131156354e-13,2.7690262219736195e-13,5.973475880422684e-13,5.246484548518762e-12,6.225345749955896e-12,5.0166149867151385e-12,2.1143180557046888e-13,2.994696583741358e-13,2.2024743849216233e-13,4.3441888864581453e-13,1.166955639244754e-12,9.21038111052088e-12,8.458129303085004e-12,4.301947351493295e-12,1.686002526349501e-13,2.202138328190217e-13,1.397073469353525e-13,3.0135474710678166e-13,4.709847321549035e-13,4.479506767650915e-12,6.117421871468819e-12,6.525576589011996e-12,1.3649867028283836e-13,1.7932794294711075e-13,1.21845945507637e-13,2.3394998312701894e-13,5.104181201245782e-13,4.881474244308663e-12,5.5987536054881356e-12,3.300665300721999e-12,1.639513553978106e-13,2.15694910520188e-13,1.3006311212098516e-13,2.1995712116312062e-13,4.558858287912307e-13,3.2761092316140613e-12,7.736384748529267e-12,1.2036283588411043e-11,2.3747440858537277e-13,2.7564936496114094e-13,1.5834137444619573e-13,2.4331201121824073e-13,5.054705927713235e-13,3.1636970722163937e-12,7.2536037361367585e-12,1.49825829565785e-11,3.0614094351145264e-13,3.3271829306066143e-13,1.882947929233605e-13,3.0970804635629786e-13,5.3777251084182e-13,3.296916859833484e-12,1.0522199927783597e-11,2.3224858673627448e-11,4.5010777207304197e-13,5.068766712932737e-13,3.2150709423784027e-13,5.345757915531e-13,9.525359899921165e-13,6.167595572823803e-12,2.1549310764159433e-11,3.51694504655149e-11,1.8740014215271264e-13,2.2468320594914881e-13,1.2199078885113934e-13,2.9112674196904837e-13,5.436394966632109e-13,3.831730656882703e-12,6.708203492878694e-12,1.1793800572980839e-11,1.6337854320957192e-13,1.771779338275219e-13,1.13457322782205e-13,2.2711811747387645e-13,4.82525095338548e-13,5.205692193809997e-12,6.0327410964994765e-12,4.406872887032472e-12,4.2748393330411474e-13,5.289610526475104e-13,3.676912606852161e-13,7.598645851828843e-13,2.364095879497088e-12,3.540509606062834e-11,2.5761857614466587e-11,3.4026548700481417e-12,9.381244305472345e-13,1.0508349433213453e-12,7.410312498656038e-13,1.6845770913365503e-12,5.081444823747926e-12,5.406165431438995e-11,1.9883117312226337e-11,2.766360256682523e-12,1.6806613330860018e-13,1.9801447052678412e-13,1.4542740354053808e-13,2.9968194533374997e-13,6.785094256465953e-13,7.829699837152515e-12,7.866820728628436e-12,2.214191935296475e-12,8,4.0
5.4014402321247774e-14,6.24392624471937e-14,3.6408313161672184e-14,6.464985371053794e-14,1.1169320330481198e-13,5.714702481448659e-13,1.3843576781151029e-12,2.9529373395917086e-12,1.0607122439116479e-13,1.3361953301135378e-13,7.005440913087925e-14,1.3078873095690812e-13,1.888296092777057e-13,1.1174309375579313e-12,6.153798613466957e-12,1.5028225515360003e-11,6.103109026753058e-14,6.469700374703296e-14,3.4615091252319024e-14,6.5846131978539e-14,1.0392473406050915e-13,5.193957374119147e-13,1.631175487235402e-12,3.742173825234698e-12,8.315464492331894e-14,8.883193605200117e-14,5.5233326841280084e-14,8.189895077576994e-14,1.4652095459559555e-13,7.934911050058496e-13,4.068580706135208e-12,9.945044165764834e-12,1.8305830069143056e-13,3.607066778439304e-13,3.082321060963166e-13,5.952280933682355e-13,8.744535932466126e-13,1.6595950558918806e-12,2.9317358359491282e-12,4.833665811795284e-12,3.3833464514859994e-13,3.893797499658396e-13,2.108739066184929e-13,3.487920649808491e-13,5.455438137912215e-13,3.5715645379701597e-12,2.3093064650895773e-11,5.324099178643911e-11,1.8222962268883506e-13,2.1059960323649983e-13,1.1244351075173491e-13,2.0119953914238508e-13,3.161660171440162e-13,1.937181181040807e-12,9.282053661245262e-12,2.0550267157048933e-11,1.2697790117307421e-13,1.4312158428366776e-13,7.60707960941137e-14,1.1911252799001177e-13,1.8528742542486914e-13,1.2411041903159577e-12,6.700528303770126e-12,1.5181991251881697e-11,7.734601861521456e-14,9.563356179313188e-14,4.914966331434099e-14,8.194046766292142e-14,1.4033236967881717e-13,6.972876130289303e-13,2.6071569105603243e-12,6.03998942199508e-12,4.815576513400727e-13,5.074500046963048e-13,3.0544945615335574e-13,4.833534920489331e-13,7.22962048948344e-13,4.59851235554468e-12,2.907395632179167e-11,6.946529076250634e-11,1.8171934562604836e-13,2.1564926569433795e-13,1.0475190976904107e-13,1.8247494476056533e-13,2.925646022125221e-13,1.5371029533113295e-12,6.961524105820398e-12,1.6378293583639844e-11,1.5837675070025122e-13,1.691765965378861e-13,8.268224591742222e-14,1.5235989314167965e-13,2.277109894943563e-13,1.2427159691127753e-12,5.863851117790336e-12,1.4805006883224863e-11,2.278489035987688e-13,2.304491831378099e-13,1.5034018390334478e-13,2.0904818087414682e-13,3.4903579440576267e-13,1.9419891751961337e-12,9.386214026087384e-12,2.0843087699065e-11,1.0596128745362389e-13,1.372626086229684e-13,9.929933932920853e-14,1.8729330497034674e-13,2.785822258246479e-13,1.1625407413262304e-12,3.226230685309147e-12,6.584816675436132e-12,5.004877949500538e-14,6.08154269506779e-14,3.854244971555659e-14,6.115212933024145e-14,1.0571931487921118e-13,5.681776098033049e-13,2.2555932432545937e-12,4.720069294252459e-12,4.671809226787943e-14,5.616502134192869e-14,3.949771288878307e-14,7.02935639392656e-14,1.148574881190618e-13,5.429377343370947e-13,1.548496819331729e-12,3.2102508935870792e-12,8.022538329855544e-14,9.860825318771669e-14,7.665968197241235e-14,1.416237897272495e-13,2.565737077604098e-13,1.0801758709600767e-12,1.9089269276031268e-12,3.1923494645045465e-12,9,9.0
8.617999265734051e-14,8.472686203162915e-14,6.107345245453752e-14,8.836311314797786e-14,1.3012357298653778e-13,7.259259908130883e-13,2.7235619410021907e-12,5.7102010800246095e-12,2.239847933145019e-13,2.5441900932794787e-13,1.8999376047144136e-13,2.7986069870417036e-13,5.600337696614318e-13,3.58481134505357e-12,8.178211989966876e-12,8.722991943898015e-12,7.51878154760593e-14,7.671438480501316e-14,4.993576291770348e-14,8.119839059760033e-14,1.2849426262817912e-13,7.389594838470785e-13,2.1116424077008466e-12,4.0869862634723456e-12,1.0042442770460326e-13,9.122634891610351e-14,6.199750775934981e-14,1.1381219802024206e-13,2.0316768520367155e-13,1.1970036305132461e-12,3.417276735003234e-12,4.2610545244637895e-12,5.212761606360392e-14,5.627662685055442e-14,3.0626713025940924e-14,5.263332707757227e-14,8.790579546960445e-14,5.273167718492364e-13,1.5504742489897077e-12,2.7945023405726936e-12,9.806314173478354e-14,1.1157503564304371e-13,6.281093609616764e-14,1.0545100900652871e-13,1.8231126497407621e-13,9.228907381247852e-13,2.9863586100575007e-12,5.484027490276668e-12,9.821015485614795e-14,1.156140303441961e-13,6.490763155485967e-14,1.012676265987871e-13,1.613063482516473e-13,9.704259310865575e-13,3.1608686451927507e-12,6.653538197567029e-12,2.576219139647246e-13,2.977556333557965e-13,1.61623559764594e-13,2.6901725057551043e-13,3.8969581198031873e-13,2.066858780719222e-12,7.833473809262892e-12,1.8333542298078465e-11,9.099352537153044e-14,1.0168640004224058e-13,5.05584060687685e-14,8.570348491706876e-14,1.399468706831027e-13,8.311991769047486e-13,2.8138743689650245e-12,5.03678687832178e-12,4.5272445021056054e-13,5.192711707307964e-13,3.2238693171384663e-13,5.088025699410064e-13,8.182888277038542e-13,6.217217693810953e-12,1.7925139955009704e-11,2.1140386840365003e-11,5.235223392414952e-13,6.317482108905506e-13,3.219802135678419e-13,5.83482438985266e-13,8.372617281610064e-13,5.108805877622837e-12,1.6691607905515046e-11,3.038472744949032e-11,7.31601285391912e-12,7.499492612255398e-12,4.577334324699093e-12,7.321728390302347e-12,1.2199865114294583e-11,7.937942342311893e-11,2.0351501505951902e-10,2.3354447548956217e-10,1.221711947688996e-13,1.531214763566286e-13,8.349101570285122e-14,1.2945141866722926e-13,2.0538538129138314e-13,1.137317046655471e-12,4.095629691099707e-12,9.29619232840301e-12,3.134737708519943e-13,3.2871571602773693e-13,2.189172236276706e-13,3.4809470188181567e-13,6.35486985898255e-13,3.1809888938167582e-12,9.776787114499873e-12,2.135568635530688e-11,7.131636694511525e-14,7.846037415206033e-14,4.8424320903758877e-14,8.526667422263652e-14,1.5157333996411928e-13,8.636103357920056e-13,1.8905449290114133e-12,2.656695128494066e-12,6.198410575315924e-14,6.742784231320755e-14,4.17799191590948e-14,8.03744255462679e-14,1.6647244031397395e-13,8.85187705376097e-13,1.5317510974591213e-12,1.56075154129106e-12,6.283425340370264e-14,9.899174204334253e-14,8.918313114528346e-14,1.7204211057316496e-13,2.910639956942793e-13,6.848782092945661e-13,1.7809229918807899e-12,3.149293397033522e-12,10,3.0
1.0031168610696074e-13,1.143369683095102e-13,7.282399056257638e-14,1.021801876457035e-13,1.5939712988710576e-13,7.815206726003405e-13,2.5384380693412727e-12,7.384679946730746e-12,5.662381483437736e-14,7.41559181332706e-14,5.389989319292847e-14,9.959639577885341e-14,1.813410589991126e-13,6.056925086805691e-13,1.6579649443491736e-12,3.799688899576287e-12,5.920255319641669e-14,7.713202733193101e-14,4.3520771835601324e-14,7.150081802103175e-14,1.1846215995572506e-13,4.725988902123442e-13,1.4573236553842351e-12,3.457603945786839e-12,3.9192950205266114e-14,4.9212136231226383e-14,2.9251440458777806e-14,5.1297112306694475e-14,9.10233441016457e-14,5.369420838505116e-13,1.0966094996551754e-12,1.95676120192462e-12,4.045439722669056e-14,4.741509850803089e-14,2.939768133268108e-14,5.280157079206754e-14,1.1669546448422575e-13,6.390004642148148e-13,1.1946269424610014e-12,2.232852709051528e-12,5.523972032443171e-14,5.895651290876572e-14,3.681654326871986e-14,5.737599706236108e-14,9.477354172132624e-14,5.075308246086033e-13,1.6411774215067527e-12,3.769247079257516e-12,1.7603855824152522e-13,2.1110312361029534e-13,1.0415897726422325e-13,1.7310865209343604e-13,2.6574026350868717e-13,1.3961576854026333e-12,5.266584927515045e-12,1.2886688681330978e-11,4.052700385003853e-13,4.39552998200987e-13,2.427788634857571e-13,3.6175040669301573e-13,5.818808630999501e-13,3.073596545552521e-12,1.2168382840962923e-11,3.24376544339712e-11,1.7423261166684457e-13,2.0236197915977858e-13,9.156832957841648e-14,1.6154168526349717e-13,2.420392238951261e-13,1.2344295385683893e-12,4.5539062589422726e-12,1.424927829912195e-11,2.733714581114496e-13,3.340436223183228e-13,1.802529126887437e-13,2.7751067120695096e-13,4.072372721410101e-13,1.664237881381787e-12,5.712919071542035e-12,2.3056339417933142e-11,7.166807597289695e-13,7.809120408152053e-13,4.876980261902148e-13,7.887757576719095e-13,1.2552593652437012e-12,5.553717731426813e-12,1.4084075816493272e-11,5.1489424991915207e-11,1.3418372064773998e-13,1.6052159152873636e-13,9.818198217928008e-14,1.4857737773854844e-13,2.4312005387125197e-13,1.0179895327464003e-12,3.3153640595306187e-12,9.15643280729316e-12,1.3419962988095137e-13,1.282278086420988e-13,6.163670378900537e-14,1.0631213972953065e-13,1.668119138801933e-13,8.162514829495182e-13,2.59905433688403e-12,5.76164328522431e-12,1.7647976079130121e-13,2.0361861163187556e-13,1.178994082410403e-13,1.9959989685781997e-13,2.921127080902469e-13,1.4444068114272936e-12,5.944947723498768e-12,1.5307915221302113e-11,3.3767027330781157e-14,5.4192697558431165e-14,3.899796459782196e-14,8.949512190747841e-14,1.4095926745720624e-13,5.042591522657281e-13,1.2443852299321415e-12,2.037982674172571e-12,4.3961726608215836e-14,5.1935256314322126e-14,3.2851114034071226e-14,6.084749236177479e-14,1.249889962513612e-13,6.542221835658843e-13,1.0348424098569797e-12,1.1966823796798578e-12,3.481754853226754e-14,4.048508329662128e-14,2.2624804791021985e-14,4.6811521100022314e-14,8.693307349208054e-14,4.1727699874072677e-13,9.123761570637767e-13,1.7413994473241155e-12,11,6.0
3.656809113340526e-14,5.969067650985204e-14,5.545659694155822e-14,1.3528216539112596e-13,3.2286421241747344e-13,9.842192149337378e-13,8.566831564442007e-13,2.6758231951883688e-12,7.002545091859447e-14,1.2040737559105032e-13,1.1990164214545635e-13,2.8581578413434237e-13,7.524649104714398e-13,2.2881253908237426e-12,8.461550539488093e-13,1.9495550555941453e-12,5.109269346784504e-14,9.184183238152328e-14,8.266735278754378e-14,2.508830788267054e-13,6.276321894506843e-13,1.7249092891728744e-12,6.894688832684544e-13,2.5569132969963874e-12,1.0678080294657265e-13,2.6541575571076757e-13,3.509622231196212e-13,6.576372812697729e-13,1.1260520025143528e-12,2.7317818294126145e-12,1.8710018862631104e-12,1.1560857759157057e-11,5.229380126292394e-14,8.073284963381007e-14,7.615669676393379e-14,2.1981676033069627e-13,4.836736872802531e-13,7.583855047216235e-13,1.4032148781008923e-12,1.0572798428927661e-11,6.704522343213069e-14,1.106479559951543e-13,1.3300182837152876e-13,4.394102138549916e-13,1.0603280653867243e-12,2.040439645662427e-12,7.134429451305963e-13,9.674254003575103e-13,1.3425682101313595e-13,6.538523887924107e-13,4.790732389565173e-13,4.371640493467203e-13,4.2067592972729585e-13,1.038891225732776e-12,6.488822617547063e-13,2.0108253498327806e-12,3.748211844593296e-14,1.2629259370112942e-13,1.5797633588120432e-13,3.0434563615762164e-13,3.777510989877909e-13,9.13935644874481e-13,7.074443799272716e-13,2.6839927962908597e-12,5.964483728029492e-14,7.344943585172938e-14,5.268618635067856e-14,9.922019832664875e-14,2.4394155752947923e-13,7.407835227483935e-13,1.7813576487704225e-12,7.31722209451923e-12,8.668847570129348e-14,1.149311504668978e-13,6.195088846797526e-14,1.1634495463707073e-13,2.0892543833642716e-13,8.786025590491563e-13,5.238759503565931e-12,4.183958926833225e-11,6.925801731508432e-14,1.217949908170195e-13,1.2086459596141507e-13,3.073825788740071e-13,3.75643792175422e-13,6.56000770607234e-13,7.421735168759857e-13,1.4472916357191308e-12,5.690365230039827e-14,9.614655039135677e-14,1.027749318506507e-13,2.639394193447109e-13,5.497137583633682e-13,9.29565867591896e-13,7.61806477455325e-13,1.8516829791797616e-12,3.8056434785736034e-14,7.08972997233782e-14,7.417208992304954e-14,1.9524515172486457e-13,3.7930723950638145e-13,7.999793558800431e-13,6.548271189957378e-13,1.4132947329800925e-12,5.033740534980822e-14,1.697881585960711e-13,1.9278627975143328e-13,3.5034980233297815e-13,4.404463077912085e-13,9.70145717695109e-13,9.603487776819255e-13,3.3494739072079946e-12,1.0917162374345928e-13,3.77513975400193e-13,3.593124283959149e-13,5.639086766530064e-13,1.3446741301480873e-12,4.0758079918484685e-12,9.471194360445765e-13,9.968361296253547e-13,9.702489236443184e-14,2.027493442996445e-13,1.6029506792689379e-13,4.38346606295608e-13,9.140883132146338e-13,2.7327431331587765e-12,1.3258587101870768e-12,5.933584089367225e-12,6.108257989194026e-14,1.061957745067874e-13,1.379262099056384e-13,3.2368147899744415e-13,8.416956523424749e-13,1.614736662171743e-12,7.476179100369373e-13,1.3417276133568886e-12,13,3.0
8.320246844049406e-14,1.0852186963125711e-13,7.547024593737992e-14,1.5346201308895808e-13,2.9881500696832556e-13,1.4763660675541818e-12,3.748783557114797e-12,1.9013281665623626e-11,9.108164404693804e-14,1.0878638155245589e-13,7.356275483761844e-14,1.3763083867974153e-13,2.915711960672258e-13,1.343466902474837e-12,3.2363547677999832e-12,1.493828665005155e-11,2.4083493691438447e-13,3.303683055559488e-13,3.261426093298774e-13,1.0536567689517102e-12,2.9365645741437586e-12,8.871355191716393e-12,2.5324857200571356e-12,4.098290414903948e-12,1.9858101289178556e-13,2.8618328240748364e-13,2.473946044376571e-13,7.827666340950087e-13,2.494474609355099e-12,9.376896749253005e-12,2.5994579496897418e-12,2.3060073851657576e-12,1.2095527250030492e-13,2.262835337005777e-13,2.2492855774512154e-13,3.1202982147993895e-13,4.489617321693275e-13,1.5357947239041066e-12,2.3374751425497586e-12,6.38540006651474e-12,7.586248835911907e-14,9.404910829571799e-14,5.6120635817345086e-14,1.2134453995695963e-13,2.614244238276139e-13,1.0274461122463855e-12,2.785206180537456e-12,7.955239179491203e-12,1.3237877342796108e-13,1.5023678429121172e-13,7.304574154832691e-14,1.3164006918983842e-13,2.075210258473227e-13,1.0645278031461518e-12,4.6792070168943034e-12,1.4377017804522423e-11,1.9108087564265888e-13,2.093248803354967e-13,1.2837433510527145e-13,1.8505112083800616e-13,3.329367745245023e-13,1.5551017209388949e-12,6.2520612749296915e-12,2.07451028282454e-11,1.0787985408535308e-13,1.1004790997580336e-13,6.758692272328626e-14,1.2710310770665098e-13,1.957570593531581e-13,9.914068336623025e-13,4.61576063013954e-12,2.963246830662343e-11,1.1440697365460253e-13,1.4668875577865376e-13,7.969940914474496e-14,1.4200889362368344e-13,2.2938213260167517e-13,1.082530063793368e-12,5.562017171870882e-12,4.483007731262856e-11,1.889054866886191e-13,2.2608323040667783e-13,1.2837108071435386e-13,2.1211747181794045e-13,3.541099462863343e-13,1.7331863223142347e-12,5.41617134800899e-12,1.869895873695535e-11,2.0490063285218965e-13,2.3548342006633867e-13,1.4921976977357102e-13,2.6341829122939254e-13,4.435236817817056e-13,2.12826610097131e-12,6.673082795321855e-12,1.3653805525674011e-11,1.3210860232800015e-13,1.5303946636752447e-13,9.105785099160682e-14,1.4288404497202332e-13,2.0859222473037602e-13,1.092457908957934e-12,3.877349907212463e-12,1.2259904770980827e-11,2.346239837370857e-13,2.6567265359678874e-13,1.4417905429684677e-13,2.302198523416005e-13,3.7272780572471417e-13,1.674369001463681e-12,6.505718911550892e-12,2.3748836587852868e-11,7.283507483190772e-14,8.661956491215347e-14,6.841814068173026e-14,1.5941143290443049e-13,4.065941610435285e-13,1.7905356492641668e-12,2.129461691266308e-12,3.244575276336659e-12,1.7564222093692687e-13,2.4391595294649193e-13,2.004063251829441e-13,4.953650139554796e-13,1.8847858755633832e-12,8.619859265924451e-12,2.561712951593208e-12,1.6591020367304228e-12,9.226130381077308e-14,9.524081066141852e-14,6.300888599708097e-14,1.0345620005061031e-13,1.8765526285008543e-13,8.471684992416368e-13,2.9532736478802714e-12,9.293902039027297e-12,15,8.0
3.176802524672976e-14,3.701881668416323e-14,2.5071848015516657e-14,4.218255786003599e-14,8.389574458130704e-14,4.658734489678549e-13,1.546777401809091e-12,1.32516085899356e-11,3.544330119092791e-14,4.240360572387689e-14,3.7363148720031484e-14,6.30136535363218e-14,1.0982465121215666e-13,5.512973493988217e-13,1.2364557639538381e-12,4.339520387762508e-12,2.2457337957384282e-14,2.9161350890594827e-14,1.9026798662332502e-14,5.0544469077456954e-14,1.1896888128392178e-13,7.108095721365303e-13,9.002264595618186e-13,7.913621073820659e-13,2.7615582632628133e-14,3.6985913426562265e-14,2.5425600858813722e-14,5.035907085246813e-14,1.0681824751100235e-13,6.650027896157884e-13,1.1876111092279048e-12,8.493499698202301e-13,3.1541180801432445e-14,4.341385809647806e-14,3.127756478944366e-14,6.391089680557485e-14,1.2503138124225802e-13,6.191275381843383e-13,1.1991858303200342e-12,1.0955269505189487e-12,3.114507617178898e-14,5.065986785508808e-14,3.9850429811819143e-14,9.760841241510432e-14,1.8281153450525826e-13,5.905836571562627e-13,1.2851198979373666e-12,1.477388253622153e-12,6.846814873788696e-14,9.027169419192953e-14,6.134754591502448e-14,9.360944064251026e-14,1.7050708512331477e-13,7.169332424123512e-13,2.6496040910779527e-12,5.306704069950524e-12,1.2165201851285601e-13,1.3387507870233467e-13,7.54687822064609e-14,1.3166033724381848e-13,2.0499990604168075e-13,1.020119606883731e-12,4.673255344460261e-12,1.2158961217937348e-11,6.522028319655008e-14,8.676811192222997e-14,5.2557571407948014e-14,9.038172837398427e-14,1.5216708424272373e-13,1.220340388843602e-12,4.651320190016732e-12,3.320913054121958e-12,4.469365346287742e-14,4.586359248118971e-14,3.273868058770196e-14,5.721480205064521e-14,9.605963192959968e-14,5.992237610626999e-13,1.7153783579728389e-12,4.334325255305204e-12,3.5160395026469594e-14,4.397611358785972e-14,2.6023683077956073e-14,4.918769638359528e-14,9.293259822699747e-14,4.5202516992724566e-13,1.5157280873730114e-12,6.3787553618724865e-12,3.2744967354477226e-14,4.179621808804854e-14,2.66360922011337e-14,4.599582569679697e-14,7.750440987005419e-14,5.256328061760701e-13,1.349079652663035e-12,2.8516730213493646e-12,1.041578722364878e-13,1.2470163764403335e-13,7.061932566771452e-14,1.2470333013417063e-13,2.248975570069871e-13,1.0363384192178263e-12,3.627159273862787e-12,7.75033905162782e-12,5.719016761110059e-14,6.221845680765348e-14,4.097814452291482e-14,7.438003375987787e-14,1.2291791237125707e-13,6.232801295191973e-13,2.2021700826078464e-12,4.684396787274437e-12,2.630438543645892e-14,3.6346630398386216e-14,2.8945584442075587e-14,5.664782287771172e-14,1.219866346381418e-13,5.657697037899063e-13,1.1961247344760295e-12,1.9600271708424045e-12,2.061838058756576e-14,2.6126199751267746e-14,1.8051906301904623e-14,3.137759989648345e-14,6.569168445658148e-14,4.1691103655494916e-13,1.2703892996380511e-12,2.5625117842119587e-12,4.656820907786824e-14,1.764637914140498e-13,3.1017026533227397e-13,2.7926809416019746e-13,1.0372199739066916e-13,4.660828863422466e-13,1.1750783649120697e-12,2.250257870321381e-12,16,5.0
2.793427849262582e-13,2.804458581060806e-13,1.8888207971773507e-13,3.722524846509179e-13,9.306446201343146e-13,1.4496709843566057e-11,1.3369514885360896e-11,8.313363382543104e-12,2.350344123068153e-13,2.5110549330729994e-13,1.628570009428239e-13,2.9108619609140667e-13,7.006208460030714e-13,7.550793228724037e-12,7.983587880353662e-12,2.0767761164086396e-11,2.9965695978548173e-13,7.80362125128051e-13,6.110264351086216e-13,9.048800279680162e-13,1.3027980911249728e-12,5.494363086570576e-12,4.23806289768619e-12,4.411129912884436e-12,1.2143894242332277e-13,1.5638450120447598e-13,1.3020401875165907e-13,2.71430851626716e-13,7.379341340255878e-13,4.728434513370723e-12,3.530418722398842e-12,6.469184389652146e-12,1.357490718195728e-13,1.555562595128794e-13,1.0484021544724944e-13,2.354537098255946e-13,5.365751117986271e-13,5.001138282108732e-12,5.3517823822972745e-12,4.8976869168846875e-12,1.7799730774783447e-13,2.1411752993069e-13,1.1837944447076646e-13,2.0839581591398717e-13,3.9862076874351287e-13,3.6372016577884298e-12,6.034551865852331e-12,9.206525042938683e-12,2.5097427613414806e-13,3.1728371495014463e-13,1.7790052998049087e-13,2.9208702522575535e-13,5.570126860011534e-13,3.5312682718863322e-12,8.731197236294142e-12,2.119386003275266e-11,1.946051159930264e-12,2.0022205774109482e-12,1.1065416939076969e-12,1.7532626835328182e-12,2.7370743715957005e-12,1.2208865558332932e-11,4.5433117826187377e-11,1.7230180889936473e-10,2.3372166459197656e-13,3.1243050826341916e-13,1.823982291438933e-13,3.478150854167818e-13,8.148157515365865e-13,1.3391226570616582e-11,8.035473694427123e-12,7.1252328135994276e-12,3.0706543607720135e-13,3.5811064910728274e-13,2.2811431022685117e-13,3.9818517532108096e-13,8.439196208702575e-13,4.193366767806374e-12,9.249615778308255e-12,3.4908294849303354e-11,1.8567152657819642e-13,2.2262128043696274e-13,1.474814983129283e-13,2.7495231515710737e-13,5.420435761571715e-13,4.406648571587425e-12,4.519617238120116e-12,5.9527899102773355e-12,1.9062862201421757e-13,2.831528315579657e-13,2.245177081137376e-13,3.9041804224966597e-13,6.578431617558977e-13,4.6842159215109514e-12,7.146072070997133e-12,5.925410359873174e-12,1.801420386727082e-13,2.0071059876422978e-13,1.4024992967963337e-13,2.6887314900759576e-13,5.301517517990323e-13,4.540688931491663e-12,6.734591884080185e-12,9.595486852423554e-12,6.40495820819704e-13,7.761702705783807e-13,4.130365572328437e-13,6.720035467687707e-13,1.0152882571904274e-12,5.277741450433153e-12,1.7724946272746477e-11,5.866084101960564e-11,1.7599875871627088e-13,2.5475202157798406e-13,1.4062261882630126e-13,2.9401221956143555e-13,7.377517724532493e-13,1.0535671132594337e-11,9.104049355648447e-12,3.1645102720830073e-12,1.3564761386332385e-13,1.6766628747975665e-13,1.1926762234650145e-13,2.6129584756198676e-13,6.565251204023813e-13,7.034014518320698e-12,3.1890927538710304e-12,2.1452733632689958e-12,1.7425676455262734e-13,4.0820710543811504e-13,3.0593760646352073e-13,4.4950479289975087e-13,8.054777089771502e-13,5.4261854994835826e-12,4.33162832431696e-12,3.831614293480729e-12,18,5.0
4.57228025379318e-14,5.707968474386463e-14,4.6457075151568075e-14,5.600439046645052e-14,9.311668809408029e-14,4.490647591905851e-13,1.409239467078694e-12,3.819484295517277e-12,4.2484639585385214e-13,5.151731112505312e-13,2.7377701938304835e-13,4.69644723692917e-13,6.981893317130448e-13,3.537170813604845e-12,1.7769716300457364e-11,5.120821524760142e-11,3.6397754105960367e-14,3.8654932629303336e-14,2.2676667755062824e-14,2.960307705479447e-14,5.655586413544267e-14,2.8255536171946574e-13,9.946690623225616e-13,2.754321233394069e-12,2.7910374994247857e-13,2.8485821439145963e-13,1.8063504129457195e-13,2.710850012207459e-13,4.737937686407916e-13,2.3146465567253327e-12,1.1109567098405008e-11,2.7607364298738907e-11,1.8774668228699896e-14,2.0678171742553402e-14,1.2811827908205088e-14,2.2224450535894575e-14,3.767357269881121e-14,1.986898009882881e-13,5.276068699019589e-13,2.268072724039251e-12,2.8168958440566424e-14,3.1769285274531644e-14,1.9330291991954183e-14,3.119446253260107e-14,5.574615785815011e-14,3.059671840654215e-13,9.97427928323827e-13,1.9887102157568985e-12,3.476915162884315e-14,3.879391464292538e-14,2.526024084584376e-14,3.9471209337311065e-14,5.820164819534549e-14,3.4067039736033513e-13,1.1961480258607551e-12,3.304424950310164e-12,6.634120213292792e-14,8.083938106990988e-14,4.7860741930164936e-14,6.868933887571158e-14,1.1273673536005794e-13,6.976605328288106e-13,2.72323198472636e-12,5.244611125885648e-12,1.0565117485623354e-13,1.2914262080391495e-13,1.194763854286757e-13,1.2935581019039803e-13,1.6372102603920082e-13,1.0183537878025267e-12,3.384210794648701e-12,1.1383843683095038e-11,1.9548079293554042e-12,2.065965250649241e-12,1.1603944141603799e-12,1.8769792886915423e-12,2.758862508851092e-12,1.2852818860865798e-11,6.808047158966545e-11,1.7713581663158557e-10,6.701327435757346e-14,7.606295607854715e-14,4.442804739059094e-14,8.38879709656967e-14,1.3504691853763446e-13,6.571110050856048e-13,2.190225302894879e-12,4.034887948681126e-12,3.6313613635889904e-13,3.8469337582448216e-13,2.2438189532805604e-13,3.720705647466658e-13,6.444499378867774e-13,3.4333343317182187e-12,1.5383773110805796e-11,2.94839489428277e-11,3.0108559968837764e-14,3.6019067970302616e-14,2.1245103447988222e-14,3.53300066222754e-14,5.021541891643332e-14,2.841934233880643e-13,8.484531378357599e-13,2.0852922842201695e-12,5.2365767323800896e-14,6.458717689014682e-14,3.4867062886765245e-14,5.536534382749415e-14,9.768802753137924e-14,5.81748393264044e-13,1.9926070795789644e-12,2.988486363021753e-12,3.070953071463359e-14,3.8542760598507753e-14,2.391047159133217e-14,3.798092865545185e-14,5.1972066141931455e-14,2.79292027623503e-13,1.1195385125675964e-12,2.2308144644834462e-12,2.6789987986250452e-14,3.138534800140924e-14,1.773433612331031e-14,2.88578035870131e-14,4.800715773930441e-14,2.684068574674239e-13,1.046494139778027e-12,1.7237592259613849e-12,2.0809340233607965e-14,2.4986218853455413e-14,1.7306221363942954e-14,2.808734640363159e-14,4.874947569669214e-14,2.452607785836084e-13,6.513711748947058e-13,1.4504024972920546e-12,19,8.0
5.930088309446568e-13,1.82897132544214e-12,1.6581191446218275e-12,2.09325866004783e-12,3.730822726979034e-12,1.933232727596451e-11,9.886597326879846e-12,2.178308121362639e-12,4.0765756621470885e-13,7.126146920268519e-13,8.391804257147355e-13,9.527211782429701e-13,2.0874968141814622e-12,1.4140658242685009e-11,9.788600552454701e-12,1.8833828144329233e-11,6.654545674173102e-13,2.755721726723045e-12,3.5833940824832615e-12,4.1928367238436426e-12,5.451329176243729e-12,1.560725708218229e-11,5.614818163647472e-12,1.965230754314339e-12,8.212075061178779e-13,3.172995568720635e-12,3.816113554414372e-12,4.010310372124669e-12,6.784739477051236e-12,2.162518725702085e-11,5.627123777163705e-12,1.7665820561204066e-12,2.584836801528324e-12,1.8484109436978483e-11,2.2120276443468427e-11,1.135741507401129e-11,1.2251264070436803e-11,3.187776628690494e-11,7.825807893771452e-12,3.093053746453355e-12,5.891343126460263e-12,3.455535569222836e-11,2.4690977343784172e-11,1.6885689114595972e-11,1.8152446751123866e-11,3.087409451250953e-11,8.712849009060167e-12,3.691885252555673e-12,1.9423597386337137e-12,1.54032602103925e-11,1.402131895179158e-11,6.361137859126126e-12,3.876343893320105e-12,1.509122147739581e-11,6.891014706818453e-12,3.0024469192601524e-12,6.877805237430267e-13,3.993338259204141e-12,3.715282627958407e-12,3.059645612432293e-12,3.1180263589411153e-12,1.1749536619117687e-11,5.770974037221253e-12,2.371646750795538e-12,2.672517291230811e-13,6.5956848486265e-13,7.327537445641012e-13,6.961626904152245e-13,1.176953090830179e-12,5.363545487059764e-12,4.944668207531069e-12,5.669163676322939e-12,2.3832469158234475e-13,5.948167707911208e-13,7.895838026992158e-13,7.993495318087178e-13,1.610465232202732e-12,7.185788202143282e-12,4.7217204854794095e-12,8.596585286388647e-12,2.925000022652924e-13,6.417874269581679e-13,7.961546115197237e-13,7.212189232831493e-13,9.88707530912735e-13,4.849472574034642e-12,7.023617245985457e-12,7.199791604792481e-12,5.426107848152404e-13,1.1673313696153267e-12,1.66362489173636e-12,3.733275746548106e-12,8.104431706973264e-12,1.2367896378183734e-11,4.425706736818204e-12,1.7763316479987426e-12,3.3352454866352814e-13,7.16582395390621e-13,8.026471703725057e-13,1.0786587947111876e-12,2.6190068378742503e-12,1.1014568903373207e-11,5.43372237228656e-12,4.300111560638753e-12,2.4520192666876494e-12,1.4091136723866342e-11,1.0795155283804434e-11,8.064703197976038e-12,9.542558581795466e-12,1.9102217223926837e-11,7.898601413660085e-12,1.9295092309456425e-12,1.1557971038263157e-12,5.014625636996693e-12,6.57902564740157e-12,4.1710947849814145e-12,7.284293357551677e-12,3.624978066996435e-11,1.3405799191686423e-11,1.4958518631174287e-12,4.866002896393615e-13,1.5400836278184957e-12,1.7943930510898475e-12,2.400590989650101e-12,4.429402570678015e-12,1.876276896775489e-11,6.025807555529982e-12,1.4013575233195573e-12,3.639018899895883e-12,2.522551697897147e-11,2.199578898152739e-11,1.6835393488190566e-11,1.0308681943566433e-11,1.9882104712274042e-11,6.9945473262992855e-12,3.2075465128486974e-12,20,7.0
2.4078361051154947e-13,5.518811865385297e-13,4.1710600015412135e-13,5.695278743650332e-13,9.395056455454882e-13,3.8215310454321265e-12,5.32564677483963e-12,2.241101701055775e-11,4.3714688627183125e-13,1.543932240288624e-12,1.402489778038525e-12,1.931789190227078e-12,2.625870892266296e-12,8.426277655759362e-12,6.914922684212849e-12,3.3168299228936116e-11,1.8592657325276441e-13,3.251142219584733e-13,2.555535576899855e-13,5.32506072748096e-13,1.2463117856936346e-12,6.5165652675054335e-12,3.58423378158923e-12,6.8531588713332614e-12,4.890535087610041e-13,1.965561307626279e-12,9.96671593861852e-13,1.0925458179255338e-12,2.1494550321973162e-12,8.442559134486072e-12,4.181803505251715e-12,5.6892990310770345e-12,9.46612134003165e-13,3.290746241428286e-12,2.4394822892109037e-12,2.247933620316059e-12,2.122904618284729e-12,4.684948441747652e-12,3.64494372133596e-12,1.290793348113315e-11,2.831441761323698e-13,8.200111051013875e-13,6.372001818339897e-13,1.0707316433857604e-12,1.7497985308003452e-12,4.879964509898787e-12,4.3966341180724104e-12,7.68220911090129e-12,1.7198517223159575e-13,2.559096354831818e-13,1.7765592643475335e-13,2.863470140590026e-13,4.973622379470146e-13,2.4871086049715735e-12,7.33516422926592e-12,2.509377878400016e-11,7.510962608134817e-13,9.163033008423479e-13,5.992606426463433e-13,8.426238068122971e-13,1.4646681309019448e-12,8.276883495222313e-12,3.131558577157028e-11,7.488429935772605e-11,1.9398055418784488e-13,2.8281066408088514e-13,1.895429243664756e-13,2.9469948568154445e-13,4.974275190535643e-13,2.3978718718284478e-12,6.000923871741511e-12,2.7321678172080042e-11,1.597765839410346e-13,2.1364650568623267e-13,1.5576633594446316e-13,2.409228581026158e-13,4.761569420073808e-13,3.5700028386476892e-12,6.305070590204234e-12,3.175396887413586e-11,1.342842779118922e-13,1.9351867788618387e-13,1.3098571626386437e-13,2.1168354942469103e-13,3.915229523773535e-13,2.410653023506527e-12,5.282438264903201e-12,9.422107521752284e-12,1.8865201068759847e-13,2.516723614609887e-13,1.6269268602583048e-13,2.6902644655950207e-13,5.335802577302308e-13,3.1154693467050136e-12,5.210323065052778e-12,7.267147747399791e-12,1.3200205026360812e-13,2.1193545514439946e-13,1.6125637706006463e-13,2.697262536494687e-13,5.919708107744266e-13,2.605471976393212e-12,4.7640083995049416e-12,1.6629438104945287e-11,1.3950180702077173e-13,2.5556616601679295e-13,2.527136988888556e-13,5.472439387454993e-13,1.0358522655619788e-12,2.945580969140702e-12,3.5642277168452298e-12,9.370844922278706e-12,5.568352158021869e-13,1.1034608996271523e-12,1.257470686734345e-12,2.901967359733722e-12,5.126595895897695e-12,2.0007510923756112e-11,5.821974489486764e-12,2.3397242621439324e-12,1.0848499659621858e-12,3.988592117538917e-12,1.8118003294823748e-12,1.4206793974964418e-12,2.6989090299127526e-12,1.9357651568599568e-11,5.826760736913773e-12,7.580786393894035e-12,4.611403998705015e-13,1.8348428929201126e-12,1.498928655887288e-12,1.7014970056238278e-12,1.6685598382910022e-12,3.965796609686697e-12,3.1528248584143456e-12,1.1998036903364641e-11,21,6.0
5.1524808336037236e-14,1.5111065446755917e-13,1.8149121951790653e-13,3.138872022784687e-13,4.4455703183047645e-13,7.74656176212634e-13,1.7816260691113538e-12,9.556015044464623e-12,4.64985783032515e-14,8.521732478734852e-14,1.0285084084898719e-13,1.710824331141046e-13,4.344801656024651e-13,1.014163414970204e-12,8.393767922222713e-13,1.2890777129412688e-12,1.3980451040943267e-13,3.427290962911057e-13,2.679934298241317e-13,3.173758698216689e-13,3.431910242044531e-13,8.019776410172986e-13,1.0989272119191884e-12,4.639031122576644e-12,5.3728093230929827e-14,1.2201314014431696e-13,1.3243739048120328e-13,2.273537890878439e-13,5.385996909031092e-13,1.0720950377925998e-12,1.079841851274942e-12,3.3014553515294017e-12,3.0675232397239057e-13,3.566873966227761e-12,3.3836850639365357e-12,2.175647531028324e-12,1.4077722695458916e-12,2.459640488674016e-12,1.1703402426662462e-12,8.538556453299871e-13,5.917648089620078e-13,6.916222261108564e-12,6.6825133523717206e-12,2.525755285679722e-12,1.1538190900569804e-12,2.0153163109230535e-12,1.2244980376845192e-12,2.4521706662201475e-12,1.363109352880441e-13,4.971523053959691e-13,2.4704096059642494e-13,1.7990434633078584e-13,2.6041867694612976e-13,9.553755631475017e-13,1.878520366553087e-12,4.656270660706355e-12,6.728748129945495e-14,1.2792862776737702e-13,1.1171546096575307e-13,1.7678840173181594e-13,3.000298225767737e-13,7.693272236312729e-13,1.293316038203451e-12,3.1366602168009626e-12,6.450539656665163e-14,1.101474118420952e-13,8.66521234380693e-14,1.1015496139705586e-13,1.6717909194190827e-13,6.573744902881114e-13,3.677143921776825e-12,2.0332629767472762e-11,3.8701753407635064e-14,8.304963504455753e-14,8.740110836713092e-14,1.039587182290315e-13,1.7734915064380649e-13,5.847597383753492e-13,1.1497886505701556e-12,2.54319548091634e-12,4.530476601684628e-14,8.158920603294346e-14,7.339312262832733e-14,7.498080008357388e-14,1.2560072392996138e-13,4.736560311172405e-13,1.2048062747772532e-12,4.174273150906371e-12,2.6837051126878154e-14,7.091610419048861e-14,6.748978232389616e-14,7.845270138365453e-14,1.3773337740272508e-13,3.895663694000506e-13,8.451496502493699e-13,2.5481913054241296e-12,5.3830740706397e-14,1.0847314077346597e-13,1.0764642906341985e-13,1.2258766830088844e-13,1.6458056859703635e-13,6.846181586689032e-13,1.0346309878873176e-12,2.7522897084766024e-12,6.665534647770281e-14,1.701849758223344e-13,1.652308933509853e-13,2.499438395293942e-13,3.74177946485762e-13,8.26157558299643e-13,1.0013814397780941e-12,2.8344499049525923e-12,1.1127433553333568e-13,3.7824328930730915e-13,3.423306244194623e-13,4.425527016067543e-13,6.768701249601199e-13,1.5425368718104808e-12,8.68152669909879e-13,8.442633873006509e-13,1.4810469215017439e-13,8.048735858731422e-13,7.660078958794832e-13,6.218394893782331e-13,9.088001551068317e-13,1.7678227776014495e-12,7.979936837024739e-13,6.890733373425751e-13,5.077461580539474e-13,3.273623148390904e-12,4.3497188513648415e-12,1.7550653739797897e-12,6.213650570633292e-13,1.335562325584385e-12,9.387524026916907e-13,1.3041831197881022e-12,22,7.0
1.3351851543086464e-13,1.4678261806011436e-13,8.784326883985411e-14,1.4468413863275277e-13,2.8670410969345366e-13,1.989318727621451e-12,7.61030999777287e-12,2.2151789078586402e-11,2.775678093644026e-13,2.868965218554257e-13,1.7019219318516889e-13,2.8438575232040816e-13,4.2762505364647865e-13,2.494522191262393e-12,2.0616468987512568e-11,7.293685088951437e-11,9.154056632189857e-14,1.0927180166050273e-13,6.306142685525588e-14,1.0587943091196596e-13,2.2345821691795256e-13,2.092916848459424e-12,3.4361828420899986e-12,4.541637410362293e-12,1.6257989683008e-13,1.8913135835716577e-13,1.1875894691733923e-13,1.9804180015598104e-13,3.906006400894434e-13,2.373382047822668e-12,5.662801606191661e-12,1.2825807583674486e-11,1.1463678205346166e-13,1.3437639328193277e-13,7.399247024608641e-14,1.2180088977893654e-13,1.9435113510871003e-13,1.1817289172617266e-12,5.761655772198174e-12,1.5430798829815894e-11,1.111091984398352e-13,1.1440431995790404e-13,6.709613751166016e-14,1.1175469229321264e-13,2.024317992567539e-13,1.1075042566656982e-12,4.801848485635945e-12,1.3423846659232763e-11,1.1687226778243553e-12,1.3460418460530015e-12,8.143881341030598e-13,1.293341324571155e-12,1.9733549431774146e-12,1.0691461961480601e-11,4.635236951374855e-11,9.364869192798601e-11,3.373406547750208e-13,3.9815736345916467e-13,2.3612355858042284e-13,3.5582476029400545e-13,5.900590479456755e-13,3.084641397211272e-12,1.3920845168622799e-11,3.272333835167338e-11,1.702760156689255e-13,1.8758499449788866e-13,1.1220650139446203e-13,1.8281585891121497e-13,2.993584351371596e-13,1.766172804185144e-12,8.316888645006335e-12,2.1095400582898704e-11,2.2654321095918918e-13,2.3567112932458116e-13,1.3202274570198635e-13,2.2784125563334875e-13,3.4365334204766656e-13,1.8885676976076686e-12,1.1753829868160812e-11,3.9484839393861923e-11,1.603494878596894e-13,1.6436137090029127e-13,9.816147933471045e-14,1.5257775585250638e-13,2.4185517352565384e-13,1.7072539620386526e-12,6.399078386340673e-12,1.1036446190274584e-11,2.6848785854603964e-13,2.904359220780768e-13,1.6401575203308488e-13,2.690918459660708e-13,3.953217536669679e-13,1.9728357307900598e-12,7.617289463350003e-12,2.1661388332849277e-11,1.2097822962891795e-13,1.6732967592959275e-13,8.251282696639705e-14,1.5672908418378007e-13,2.6307310995704554e-13,1.51122820142272e-12,5.944945713648438e-12,1.2894832758532919e-11,1.4385571170167158e-13,1.45310616218068e-13,9.087406939466439e-14,1.758119662581329e-13,2.5738683914344745e-13,1.4578084946241354e-12,6.228956271952043e-12,1.4378297422304524e-11,2.1180754530649277e-13,2.326901398289428e-13,1.2280219695012944e-13,2.2399599494894984e-13,4.384741757562746e-13,3.9950746106314795e-12,7.950090665174132e-12,1.4295726102155255e-11,1.5125459320968972e-13,1.7225343716114838e-13,1.1172217538542293e-13,2.1781504159866008e-13,4.1239530567156367e-13,4.398009765885852e-12,6.260485312784921e-12,1.0215115029466877e-11,9.040872363762748e-14,1.0716597994072391e-13,6.907442251481919e-14,9.747336840710432e-14,1.8214318262663343e-13,1.1119053984056692e-12,4.534630346275492e-12,1.2391167468573645e-11,23,6.0
1.0059004307956454e-13,1.1439431411175768e-13,6.551183652221562e-14,1.2358912909487826e-13,1.819833111209962e-13,9.50247811958251e-13,3.010273395478409e-12,6.54137862501169e-12,9.006464362028104e-14,9.796561397161206e-14,5.583332329127927e-14,1.0427954798552638e-13,1.589151428373845e-13,8.549242344151629e-13,2.5034478534584132e-12,4.973874379109682e-12,9.192686369673192e-14,1.3836749430919821e-13,7.785688341102364e-14,1.1445929633554308e-13,2.006743267258133e-13,9.549514403081787e-13,3.537370554429964e-12,7.683605642989837e-12,1.5398713508353936e-13,1.4681826800293013e-13,9.681036586420855e-14,1.4761483701819168e-13,2.2799588226511543e-13,1.0257211755241297e-12,3.684607784185212e-12,1.1916946457117274e-11,1.1895357877034737e-13,1.3312571163126142e-13,8.370847267007535e-14,1.329629063986803e-13,1.9917348643053854e-13,1.081738586957095e-12,4.440523836514737e-12,9.633558069029208e-12,1.1069142329967214e-13,1.2143857307692904e-13,6.039348263252363e-14,1.0607930588166473e-13,1.4261292039277027e-13,6.774020188725232e-13,2.8244683857122323e-12,1.6424285379762224e-11,8.855195056778489e-13,1.1332231514536317e-12,5.734256482456174e-13,8.330819210987272e-13,1.3971365253221423e-12,7.226268727954982e-12,3.2327366848733926e-11,7.889822658215258e-11,6.047832218000057e-13,6.542651969689079e-13,3.933109270495519e-13,6.325353130757706e-13,9.567190094074258e-13,4.603548962006575e-12,2.0258627842876292e-11,5.7791557548573996e-11,1.3706623391358656e-13,1.5840285276600512e-13,9.198211856365462e-14,1.5184227293309682e-13,2.495694122785631e-13,1.4846189641671904e-12,6.507300509502023e-12,1.1576700220604703e-11,1.9225754715747564e-13,2.2129332863997066e-13,1.3273526811306936e-13,2.344652416795441e-13,3.9731099376669757e-13,2.0499143378250086e-12,9.069740285672299e-12,1.0979051437162788e-11,1.557691413881996e-13,1.6114208773017328e-13,1.0011067355711884e-13,1.8967890259050882e-13,2.499695254277904e-13,1.1274100175420644e-12,4.881125382984916e-12,1.2747351435479719e-11,5.928763273813231e-13,7.015738573459315e-13,3.81380209906506e-13,6.392936529076919e-13,1.0349851501846039e-12,4.2858275509141185e-12,2.0351959681090964e-11,5.098536144203185e-11,2.8017467361148624e-13,3.125012552000008e-13,1.6454798869811507e-13,3.135461264041409e-13,5.189348360357379e-13,2.2503091698683398e-12,1.0149504298505007e-11,2.2138125745990888e-11,2.406042318521211e-13,2.595161083718738e-13,2.1646420675637617e-13,2.470689941352024e-13,3.289855987193196e-13,1.593974348854955e-12,6.273537572324583e-12,1.703834140702695e-11,5.139331030663932e-14,6.835966211575551e-14,4.506022510885238e-14,7.681692176859686e-14,1.1825438822002999e-13,6.873387763540706e-13,1.803458616040298e-12,3.3700924054358186e-12,5.983213843980548e-14,7.898843115742961e-14,4.9607302333835077e-14,9.990798910634642e-14,2.0020356044351887e-13,1.4245229057288665e-12,2.585838688449756e-12,2.136648820157753e-12,1.1084445784070131e-13,1.0112157035008672e-12,9.718183426934006e-13,7.292334217297513e-13,1.6960212159470148e-13,6.676363839873634e-13,1.8435894115948143e-12,2.236011363464289e-12,24,9.0
6.642431108279778e-13,7.364502521856345e-13,3.569798379614354e-13,6.032514779567852e-13,1.026485847941053e-12,5.125493971524593e-12,1.555236727522743e-11,5.912241299457371e-11,2.3316011444298435e-13,2.890000633000165e-13,1.9713177767466458e-13,3.261222697449534e-13,8.235778190170313e-13,5.896497380040782e-12,8.54045077748491e-12,2.2082829381861746e-11,3.8147719731764695e-13,4.964719940762389e-13,2.33565186161041e-13,4.716374471077693e-13,7.963325408138768e-13,3.879946124603584e-12,8.931434652560056e-12,3.5471157216763956e-11,2.2197903214341668e-13,2.4722826330212266e-13,1.6868273888440973e-13,3.2736017008335474e-13,7.053701908172857e-13,4.998462845783673e-12,5.459134664549352e-12,1.574495052023036e-11,9.277734882012255e-14,1.3451770016846285e-13,1.0622940689495554e-13,2.8194562493096523e-13,7.696298855953104e-13,5.017502674419281e-12,1.6014028050505492e-12,2.5963744003572405e-12,8.440865094984853e-14,1.6113110054495495e-13,2.145970239854638e-13,5.514237593483695e-13,8.623090642665779e-13,3.1709419787715936e-12,1.5944097686073323e-12,3.881073491903822e-12,9.148291074874262e-14,1.0886790031530028e-13,7.459643710718248e-14,1.3332640359490396e-13,2.6460894294987943e-13,1.3281852540313646e-12,2.3059988247621817e-12,6.84048555528795e-12,8.994324258152461e-14,1.8537254273221777e-13,1.457411866770377e-13,2.3229064420803615e-13,2.9534957523173447e-13,1.594710476156116e-12,2.157439506755487e-12,5.363007879059665e-12,4.563182887547011e-13,4.740248245946529e-13,2.5487949204937657e-13,4.2009817798660124e-13,5.919163484760864e-13,2.8546355114950207e-12,9.345051342491027e-12,4.3180678356109335e-11,3.686553925373945e-13,4.622088625295782e-13,2.3281083538126e-13,3.8765705731223274e-13,7.953442370076994e-13,2.750566631014128e-12,8.406778057986217e-12,3.399888244586734e-11,1.737771927209907e-13,1.9235025145168728e-13,1.0347241203050648e-13,1.8399411746273424e-13,3.567989841034089e-13,1.6026909020258199e-12,4.515595256980233e-12,1.4745864617023718e-11,2.4081675173825894e-13,2.769965656147728e-13,1.6008732593513225e-13,2.654966808405748e-13,4.773966381534058e-13,2.3522234973167104e-12,7.696466042765981e-12,2.1302829729788676e-11,8.297175735490304e-14,1.1184640491071623e-13,8.208699143961189e-14,1.479781005125441e-13,3.0047722627627735e-13,1.3672126613784718e-12,2.136831893301273e-12,5.342933127294588e-12,9.004962397679054e-14,1.6963469274337793e-13,1.7244668575852687e-13,3.404035864752972e-13,5.382828214114085e-13,1.7642738191299016e-12,1.7459350753503226e-12,3.4647980269144837e-12,1.3817905078727183e-13,2.0501471344580656e-13,1.379544081751632e-13,3.1270275792128505e-13,8.207112083890443e-13,5.148824239456171e-12,3.61550371301793e-12,7.321226188069009e-12,1.243234654846055e-13,1.5878348619781428e-13,1.061515110646436e-13,2.351345716980097e-13,6.774432578477032e-13,6.487067086770564e-12,2.071145380282937e-12,3.7650597191321326e-12,9.747841003075213e-14,1.6501199261110615e-13,2.1489965883133156e-13,5.61175305327363e-13,8.679958015249547e-13,5.3045240871025494e-12,1.339662058382604e-12,2.0184332145029166e-12,25,8.0
3.370377088674699e-13,3.471125366285178e-13,1.74504326445421e-13,3.159895017406513e-13,5.085169764570711e-13,2.1050371425126063e-12,7.225998947246513e-12,2.551457921648554e-11,2.5239840351160596e-13,2.843688011995755e-13,1.5781967382647983e-13,2.3313293961608125e-13,3.565650402968544e-13,1.956965814522643e-12,7.337059534225006e-12,1.9101784978650543e-11,1.7689983752632225e-13,2.040136079610323e-13,1.192536877432194e-13,1.9604658432235645e-13,3.675283162798383e-13,1.2154696027060717e-12,3.361615888650575e-12,1.3926702468021718e-11,1.271548263714235e-13,1.2811061637383983e-13,8.176334511493813e-14,1.3146098512629756e-13,1.943751089729039e-13,9.639575178276826e-13,3.1344564894964214e-12,9.46861661957877e-12,6.135254622397297e-14,9.777018159946417e-14,8.151195337546856e-14,1.6637142542499856e-13,3.572871172363207e-13,1.2864977775725535e-12,1.5347060083953706e-12,1.7115138299952076e-12,7.283404161305544e-14,1.311293552925707e-13,1.4498125286676818e-13,3.3321357297623523e-13,5.150064419387368e-13,1.4843666852084506e-12,1.473655480355882e-12,1.568943423513365e-12,2.1054130608358887e-13,2.512183699064604e-13,1.6278462465963091e-13,2.8670775578156815e-13,4.906911125337126e-13,2.710388729347386e-12,9.978918886367392e-12,5.096523788292887e-11,6.574196251083375e-14,7.014649713963036e-14,4.483414449379244e-14,6.385286381455037e-14,1.0292745729259219e-13,5.086672070548216e-13,1.6588941110814123e-12,5.0052655753190805e-12,1.452936545930519e-13,1.414562157631407e-13,8.63398004807072e-14,1.42131680030577e-13,2.2000762544055552e-13,9.380307129250543e-13,3.4582865087007277e-12,1.1560337011785707e-11,1.1709840691803313e-13,1.3902923637267806e-13,6.696995586585122e-14,1.2404514831687922e-13,2.1288439441841768e-13,8.698386925769406e-13,2.7388932411405314e-12,8.568518638081266e-12,1.0821583113998076e-13,1.4439045196778292e-13,7.924950749100173e-14,1.6094872070725484e-13,2.4147212494188697e-13,1.0698611618314613e-12,3.410868907592784e-12,9.642621386678387e-12,2.9028454593281654e-13,3.5138312648076775e-13,1.8337305527730495e-13,3.310412191745284e-13,4.471245282003088e-13,2.40362828009947e-12,9.72852089761516e-12,2.747119090595882e-11,9.010916330901585e-14,1.3644172008267453e-13,1.1848432138470327e-13,2.2977742976463534e-13,3.718835679638026e-13,1.6246333039675242e-12,2.1106215909889083e-12,3.8030044010773486e-12,6.441868454591101e-14,8.189068411190928e-14,4.709301958187371e-14,8.157889925195109e-14,1.6864942471643125e-13,8.517206192923263e-13,2.1179619461536472e-12,4.184285114778673e-12,5.1523535128045963e-14,6.295749208230326e-14,4.299845623106741e-14,9.200398255135356e-14,2.6791377319752404e-13,9.43691590949117e-13,1.517219285658678e-12,1.973835787576047e-12,5.95479115812633e-14,1.0697363537427253e-13,9.761479059401596e-14,2.443423936163944e-13,5.161209022144382e-13,1.6099270913456858e-12,1.492816305912011e-12,1.551348066872681e-12,4.3031333001638616e-14,6.534522947902704e-14,5.119501806307712e-14,1.3061998075527646e-13,2.7739919956556726e-13,9.097489002896073e-13,1.1268907096655051e-12,1.0107228562061824e-12,26,0.0
1.4000820658562872e-12,1.7244284421689013e-12,8.963180206185465e-13,1.664228759865654e-12,2.088356340524118e-12,9.735316128262704e-12,3.749993834956665e-11,1.4326288346766824e-10,7.307914320971636e-13,9.243385728979193e-13,6.065872723650262e-13,1.1368647278654493e-12,1.4509813628353173e-12,7.924343355311228e-12,2.8913540470521796e-11,5.962256514356256e-11,1.0426368313260532e-12,1.0688793823866789e-12,6.585377355148197e-13,1.1873352979033419e-12,1.4470387023339653e-12,5.981854875610301e-12,2.4892555005958158e-11,1.0013454939346891e-10,8.155323844599873e-13,9.36888859878353e-13,5.86572057794202e-13,1.0692139420182381e-12,1.428399187641276e-12,5.740202914625563e-12,1.8987963963010833e-11,8.170805992401638e-11,3.1073062762313703e-13,6.354248396338808e-13,8.354710589025237e-13,1.608020005336386e-12,2.0310828075072964e-12,5.148059715498494e-12,3.5622768703110975e-12,5.7928396909375066e-12,7.222785041580782e-13,2.763497066379062e-12,2.7012983852720255e-12,4.356289866120244e-12,2.515857164253708e-12,4.6149690490122235e-12,3.939128258856231e-12,1.0922463926113023e-11,3.211054555482282e-13,3.9009169492118937e-13,6.724038091456504e-13,1.817746728571899e-12,1.213473945523296e-12,4.462610206865278e-12,4.158062880880171e-12,6.2520218338471394e-12,3.2109808362873165e-13,6.512842842002728e-13,5.6563977470755e-13,1.2356292268964614e-12,1.0968119975955544e-12,3.6156761388998768e-12,5.125607484029318e-12,1.1205155205628585e-11,1.1486645666123263e-12,1.174152147933018e-12,6.355844406921771e-13,1.223652697352996e-12,1.5003741057651485e-12,7.0453172029555645e-12,2.6782776785651412e-11,1.0979875299108749e-10,1.4263310351949577e-12,1.627213088101783e-12,1.0174624989278786e-12,1.6804340715630307e-12,2.3998595032027112e-12,1.0666725370247538e-11,5.091526478584498e-11,1.4911590214094193e-10,6.452934314833411e-13,7.872899689500561e-13,4.5389436704370093e-13,8.838877985978994e-13,1.1448329053865088e-12,4.443636724129012e-12,1.729300059969135e-11,5.943166613068956e-11,2.3342714021168107e-13,2.5775483165608494e-13,1.7284455214010502e-13,5.936816864379317e-13,6.168929747031231e-13,2.449425803807349e-12,7.255059304823712e-12,1.7449695519796665e-11,1.8530137222010417e-13,3.5763008305307224e-13,5.059592262838769e-13,1.2875390492030792e-12,1.229370795278994e-12,2.4909440465085553e-12,3.7363581098084486e-12,8.927385579038573e-12,2.230679378787467e-13,4.753484482389011e-13,9.05919866757343e-13,2.144802096856792e-12,1.262042472478648e-12,3.348577883682971e-12,5.061749516351647e-12,1.8685944041857132e-11,2.5838777102915027e-13,7.059296651884016e-13,5.750284444524198e-13,1.4296653861802877e-12,9.78134693860727e-13,3.3264502070136583e-12,6.097614314872729e-12,9.103943228072316e-12,2.4979131914721637e-13,2.955522933043227e-13,2.288039109645951e-13,6.775667869808964e-13,1.1902358151756058e-12,7.081018033979172e-12,5.61504235583892e-12,5.826088255435376e-12,8.991531806022004e-13,1.6664359194286809e-12,4.399845747197534e-12,1.8397984142625268e-11,4.59166844688329e-12,8.01650201658628e-12,2.9522661767638194e-12,2.1003809493739e-12,27,1.0
1.2007006372630651e-13,1.8584460965873964e-13,1.4673855188435304e-13,2.598841394801963e-13,4.512806188890313e-13,1.6897498197281756e-12,3.3896067486852363e-12,7.051564942444044e-12,1.2015079886065974e-13,2.8333780400629347e-13,2.86706821227407e-13,4.967163946534376e-13,7.642486705225718e-13,1.6205710550319637e-12,3.270526046664848e-12,7.446352158473065e-12,8.563269816668236e-14,1.721221645348139e-13,1.653076770928823e-13,2.406345124248805e-13,3.236807343140265e-13,1.2000808230535846e-12,2.1121204311969447e-12,3.634996480473327e-12,7.306694533000414e-14,1.2190034353738183e-13,1.1587021658073047e-13,2.1697229332208034e-13,2.5748255868475084e-13,1.0024370474964991e-12,1.5884267691179549e-12,2.511677732543494e-12,4.666897249563281e-13,1.414318228725178e-12,1.3767402381324517e-12,1.728573781670652e-12,1.980422881967482e-12,4.111148077764551e-12,5.1775027275118184e-12,8.685189826056871e-12,1.3123673636426762e-12,5.11923977285039e-12,5.080128573741717e-12,8.63232254798157e-12,6.963360661492945e-12,7.182262969046938e-12,3.2138988938614317e-12,4.448087711829942e-12,1.819949722455039e-13,2.47074543474124e-13,2.040126375452564e-13,2.962609030035004e-13,4.4098453479892355e-13,1.8219443027726564e-12,5.137891428580183e-12,1.1478836243620073e-11,1.6179040558984524e-13,2.862828462136997e-13,2.0125754204814106e-13,3.5449175262637916e-13,5.913213318343893e-13,2.0308699657033225e-12,2.8344941832136595e-12,5.523299031768671e-12,1.18070587843006e-13,1.7416216676042797e-13,1.4979553570969394e-13,2.2252793983135896e-13,3.5610459556410406e-13,1.966149763470937e-12,3.952991789190999e-12,8.18966612859788e-12,1.185126160132617e-13,1.7843245069201126e-13,1.3238324008519668e-13,2.100118666052321e-13,2.464765806865867e-13,1.0787784665157958e-12,4.801646138559271e-12,1.1800723054902657e-11,5.618229755392774e-13,6.056532406034036e-13,4.247266606341394e-13,6.904981343211881e-13,1.1832408157163704e-12,4.666993850069787e-12,1.1355578218555644e-11,1.9400858756067698e-11,6.756862044328692e-14,1.3365560877555654e-13,1.0639019459534279e-13,1.8707360390257544e-13,2.4462173615931634e-13,9.695866289315095e-13,1.6808225146897358e-12,3.3253744867851113e-12,8.819059953251571e-14,1.5758332110056237e-13,1.5049958989640043e-13,2.2674725978740467e-13,3.064101121549191e-13,9.844189512964103e-13,3.005659886224955e-12,6.666466485187469e-12,1.904823775925316e-13,5.047423888200174e-13,4.131655035719455e-13,9.096131056448434e-13,1.0980826591174311e-12,1.8192941224839706e-12,2.1265004928095538e-12,2.9168538824523216e-12,1.4789028216074236e-13,3.3291956154678154e-13,3.4035559297153303e-13,7.714464786615115e-13,2.8070341821100717e-12,2.684461855397537e-12,2.4295971731021262e-12,3.158644407437493e-12,8.480943959527059e-14,1.9795065115269545e-13,1.3791142836710493e-13,3.1033240515535927e-13,3.901275908239775e-13,1.3730576154384004e-12,1.5584928454850127e-12,1.6831655652327618e-12,1.7694283631583384e-12,7.261805019319056e-12,7.183344422915143e-12,1.2000897446228056e-11,1.4019269957797524e-11,1.1541262457147577e-11,4.563152353657939e-12,5.818351257117243e-12,30,3.0
6.740224318291837e-14,7.47485000901264e-14,4.5820377726378144e-14,8.443116305503808e-14,1.4273787220331744e-13,8.967102941363732e-13,3.246754931057517e-12,7.854873982208573e-12,3.348484320498499e-14,3.646549493652959e-14,2.2185695723555093e-14,3.985156178052674e-14,8.366496294243731e-14,4.57701702143084e-13,1.4361677240006946e-12,9.984134229363518e-12,2.4023107209631115e-14,3.045098510215354e-14,2.093793444507633e-14,3.2594555972831343e-14,6.626659230528951e-14,4.084940314779237e-13,1.1365987680487194e-12,3.3767717530542252e-12,4.928448726446726e-14,6.593846028156422e-14,3.9136933518050934e-14,7.011694226486072e-14,1.256359830567049e-13,7.435521212772271e-13,2.4810350411214578e-12,2.1026621889790966e-12,4.702311988270588e-14,6.123430211000839e-14,4.028427418488041e-14,8.702231254334999e-14,1.649044832006754e-13,6.773934498015813e-13,2.4838951941548316e-12,8.359983079998778e-12,4.834135427418802e-14,6.214539372746922e-14,3.6427382503208036e-14,6.872538144138858e-14,1.1992773815340264e-13,6.592638003228712e-13,2.836902127462366e-12,5.096244063338437e-12,3.3319181464937016e-14,4.046368287946585e-14,2.4017579530234065e-14,4.373817742467679e-14,7.358174046242623e-14,4.481908801438487e-13,1.86783084047912e-12,2.968590177545221e-12,1.0637055390905233e-13,1.2658451998254158e-13,7.919565444853166e-14,1.3436739545939746e-13,2.0576532472732587e-13,1.0823848380488853e-12,3.9960842181498125e-12,9.269348755142444e-12,4.11211580205094e-13,4.492937594791583e-13,2.78134415349976e-13,5.410253241630668e-13,8.805016340464082e-13,6.069814465548867e-12,2.551506406476685e-11,2.0469800962918142e-11,2.674493036197683e-13,3.11918262140199e-13,1.7449997293994038e-13,3.005270251372358e-13,5.51349204393713e-13,3.5089614832881563e-12,1.1922077870876609e-11,2.6213210012034118e-11,4.571713994944668e-14,5.75785772123854e-14,3.3811728642255714e-14,6.499595632570623e-14,1.1049497377918172e-13,6.607000250497295e-13,2.2537945582869806e-12,3.221631687517052e-12,4.854963409825677e-14,5.618754484543434e-14,3.715784627223555e-14,5.697225169456478e-14,1.1718340569621402e-13,7.777703683208131e-13,2.4211796180056614e-12,3.0306764045320185e-12,3.675710162603042e-14,4.5494968638736465e-14,2.8774472882825866e-14,4.51860817345614e-14,8.006579755081079e-14,4.4223416993613626e-13,1.5423291748585546e-12,2.5253269141685105e-12,4.9102545578692624e-14,5.981909049672782e-14,3.9766662867407374e-14,6.37352305526059e-14,1.065014124451375e-13,6.783606159630848e-13,2.6596373507112007e-12,3.648173199513256e-12,2.8188235607823922e-14,3.2632129446349753e-14,2.234388279821147e-14,4.417321524489668e-14,8.94760539475304e-14,4.596374705982395e-13,8.868097398609406e-13,1.6242779438205535e-12,4.4369538236123265e-14,5.496870462018125e-14,3.38323024989689e-14,6.356670719250576e-14,1.14520671529054e-13,7.025009863480474e-13,2.7684221265633823e-12,3.864529143581785e-12,6.853277717522269e-14,8.134908756680046e-14,5.232882635429207e-14,9.497360848413852e-14,1.7843782375263458e-13,9.629644721904933e-13,3.414124504137206e-12,3.268493879368056e-12,31,9.0
2.0695174479737978e-13,4.12898763241119e-13,3.863688113502288e-13,8.182330807728535e-13,2.207837480383122e-12,1.270648212819374e-11,3.681898865374203e-12,2.6876648119475167e-12,6.880482574469284e-13,4.491525954977672e-12,3.339847118015452e-12,1.9007245278497473e-12,2.6655916486329624e-12,1.3025104460298708e-11,3.594484716589662e-12,9.598306687491387e-12,3.3776079518624396e-13,4.870366488886188e-13,3.9548185882451687e-13,1.0843671488804293e-12,2.7097964481880346e-12,2.5854408279839235e-11,4.178492327205764e-12,2.5437693284431407e-12,7.219830389623167e-13,1.4535526410116268e-12,1.0819083152037877e-12,2.509551817159804e-12,4.947564758410724e-12,3.8790371135508376e-11,5.094002070882044e-12,3.215156227057881e-12,3.534368313084437e-13,1.784617569003509e-12,1.88744287172288e-12,2.4423686707928324e-12,2.289605862326429e-12,8.14798152968929e-12,1.9514726530641822e-12,4.003331172660046e-12,8.089220257906011e-13,3.83651757669427e-12,4.575677587174393e-12,3.873688317406526e-12,4.1222096240796584e-12,1.967523356532909e-11,4.180091549274723e-12,3.5723948556578696e-12,1.4131496314294733e-13,3.1030902754286747e-13,3.7237971441186356e-13,6.785856413289408e-13,9.193008382434538e-13,4.370961908242598e-12,2.759372323285866e-12,6.6681580246656755e-12,3.886444884434178e-13,6.726287476151762e-13,5.437506324811244e-13,7.661516954356586e-13,7.941980675392882e-13,3.6366852295221976e-12,8.38295879459903e-12,2.715014318749702e-11,1.5543811507128744e-13,2.5547957405705014e-13,1.9852719709160572e-13,2.6282441700962604e-13,4.227469728470341e-13,2.28410804146408e-12,4.976928510381276e-12,1.7632915310729167e-11,1.6189261928560293e-13,2.932259383750133e-13,2.387590853203333e-13,3.9944789775909303e-13,7.993599070210166e-13,3.835173145152939e-12,4.4552765790426154e-12,4.666024033990769e-11,2.8364608093214274e-13,6.342071521656772e-13,5.664243541652721e-13,7.17460630678706e-13,1.1484805297957168e-12,4.074017142626864e-12,3.1780659128067068e-12,5.142846102166468e-12,6.188090552840293e-13,3.3396026995078328e-12,2.9510976273413324e-12,2.8637957499903218e-12,3.2173147739581508e-12,6.3207172099846404e-12,3.135877755993636e-12,7.761568679609471e-12,1.7764208321741246e-13,3.7957977844369547e-13,3.9481336716013664e-13,9.546675128803302e-13,2.119139569537461e-12,9.373241285041407e-12,2.6608119465625728e-12,4.235497785918406e-12,1.7896278847885084e-13,5.110419006912125e-13,5.479975511352512e-13,7.98247787332665e-13,1.3805600001763372e-12,6.42118077792726e-12,3.641493927596979e-12,5.229463403024367e-12,2.706911883166859e-13,4.795070816165296e-13,4.859491136341415e-13,8.488815329187558e-13,2.3821369148852234e-12,1.7049049864334e-11,3.4380176267782293e-12,2.5333224756517446e-12,2.193247581764381e-13,3.8177164302440053e-13,3.6041415469697966e-13,6.50201869635177e-13,1.809814901660771e-12,1.44550179208823e-11,3.2031046341836526e-12,1.5626219383578735e-12,4.0711756442128135e-13,1.4040270172888363e-12,1.6363481522802467e-12,2.2978748489193642e-12,1.9789114160362033e-12,8.595379786961391e-12,1.946565222692828e-12,3.9754894560326574e-12,33,6.0
3.804530456322209e-14,4.763850766433204e-14,3.913828980591167e-14,6.662897951593919e-14,1.1200559638745613e-13,4.115008429886898e-13,1.1831907640377524e-12,5.151940926367636e-12,3.836074473970428e-14,1.2913577054800409e-13,1.7567092855598526e-13,3.562297077507392e-13,4.298459963226189e-13,6.62466196285308e-13,9.729550274692423e-13,9.173785108543997e-12,3.3639927949189295e-14,4.702156455638469e-14,4.708514534010672e-14,9.088028271304377e-14,2.1284199322111556e-13,5.616006815932514e-13,7.568469188717749e-13,2.2852046465841418e-12,5.101523877426434e-14,2.0133436383693933e-13,1.9395187831549955e-13,3.1303234051362725e-13,3.162486569422753e-13,6.807312886779715e-13,8.949164102645854e-13,1.1696530587376952e-11,4.185029487335461e-14,1.988371288744696e-13,2.1884199892935858e-13,4.0167986251252613e-13,4.3284515608785983e-13,6.736607583455316e-13,5.257941268458347e-13,7.970044528454733e-13,6.427951096846677e-14,3.2289707088557637e-13,4.611487537182816e-13,6.758737025351114e-13,6.406928822204289e-13,7.331483329428925e-13,6.200737725501701e-13,8.43400539838926e-13,5.3134094401332517e-14,1.5103261075600563e-13,1.9988418283302716e-13,4.677092799826012e-13,6.537288853973367e-13,1.025540572828398e-12,6.569456922089253e-13,8.85352770956984e-13,8.502263704170682e-14,4.585227079005916e-13,1.2052725520480285e-12,1.2199576276062115e-12,1.0644579177932522e-12,1.3140917857323168e-12,7.549490519008589e-13,1.4029802701569632e-12,1.0496085134428913e-13,1.0735581407449546e-13,8.08686360554579e-14,1.304736542614491e-13,1.802928701450199e-13,7.899817303950008e-13,3.4694051212444177e-12,1.6821052778243625e-11,4.3934771112059214e-14,6.553841583493873e-14,5.2416269617463685e-14,8.605874390578821e-14,1.2770193073481726e-13,4.432423963257811e-13,1.5967544371172181e-12,3.969863177155785e-12,4.185074124456791e-14,5.866517345696627e-14,5.08057176312655e-14,1.0086203407346659e-13,2.4628963842406636e-13,5.099206461967452e-13,1.160340645562107e-12,3.7093173098157455e-12,4.2665375684059903e-14,5.877552684772961e-14,5.04326725953566e-14,8.614272293421435e-14,1.5666589593623725e-13,5.897599215781859e-13,1.8092472119583718e-12,7.50512148822472e-12,1.1452000794613097e-13,4.683767910062623e-13,7.491715516961321e-13,1.2438439326297628e-12,1.0720501345187536e-12,9.633874691317141e-13,7.50154980442375e-13,1.4250479329295738e-12,1.4482040486509974e-13,4.0698141282106367e-13,1.4423604738770391e-12,3.2701474872127013e-12,2.5274455825689227e-12,1.627480898170268e-12,8.588694248829595e-13,1.323843225779543e-12,6.5257014039473e-14,3.9115509398311864e-13,6.212625347325753e-13,8.898360170945605e-13,7.218172469392473e-13,1.3386967975548132e-12,8.539312164763123e-13,9.651866720681754e-13,1.1375185685387644e-13,3.3485037634260314e-13,2.854252226667465e-13,5.964577785389113e-13,1.0938808881088636e-12,1.6488116003992779e-12,7.713566193295483e-13,7.6938429698171e-13,1.1677747469380039e-13,3.6129625992029877e-13,5.785109234001005e-13,5.65041110030119e-13,6.00553224781017e-13,6.719988967403731e-13,5.824840332349655e-13,8.451733739930629e-13,35,2.0
2.7492774902674636e-13,2.776757077127176e-13,1.7613528933812063e-13,3.120910397258252e-13,5.454344487314244e-13,3.2635264643566197e-12,1.2043901944021991e-11,3.17799793088975e-11,2.7569407947036786e-13,3.4310404007566643e-13,2.114698139399797e-13,3.866755037558841e-13,6.253605470947838e-13,2.7694949210873256e-12,1.0458321188852252e-11,1.906303385598751e-11,6.283376991201055e-14,7.700478894501839e-14,5.191329338093751e-14,8.555472963083995e-14,1.7065407745212683e-13,9.637889253031254e-13,1.7874072129286197e-12,5.706210344282604e-12,1.2470167605557747e-13,1.568058191987028e-13,8.269568649212107e-14,1.446307362933777e-13,2.6434188616433423e-13,1.177602902858864e-12,3.906256645721633e-12,1.1615182483252795e-11,9.305511191404293e-14,1.42494833690589e-13,9.867670908798844e-14,2.463998566173589e-13,6.276172099027789e-13,2.32554225550345e-12,2.241304572912625e-12,3.074729964203846e-12,1.0332605044323136e-13,1.445409610960609e-13,1.0675972833932097e-13,2.4191683359361495e-13,6.85034043509428e-13,3.860509479202581e-12,2.1898226326934756e-12,4.846688047455409e-12,4.2732745252695836e-13,4.696441075798355e-13,2.9241706360304096e-13,5.190470045889442e-13,7.971858845261052e-13,4.1211328783319545e-12,1.7240243938608e-11,4.307697899517952e-11,3.0022485737924364e-13,4.206970092223397e-13,2.569328349455896e-13,4.2337248981762115e-13,8.364208324053875e-13,3.3176627264786e-12,6.4617752458098334e-12,2.611940752434883e-11,1.1356537786478005e-13,1.4425192957645516e-13,8.099798527077542e-14,1.3964111759588487e-13,2.495660821220397e-13,1.2993028445561622e-12,4.485130240030778e-12,3.0758829548268017e-11,6.069727531116338e-13,6.695877801958695e-13,4.084561295826853e-13,7.468399345248965e-13,1.232298802614518e-12,4.3529464344999095e-12,1.5949097462732198e-11,4.2624708663922386e-11,1.167353897389182e-13,1.4240065907100025e-13,8.555688008613927e-14,1.5859504911116886e-13,2.83473520979814e-13,1.2479404742709894e-12,3.8637152131630415e-12,7.848528961417491e-12,1.27170920147223e-13,1.4659831839428415e-13,8.125814277147748e-14,1.344715291599108e-13,2.301509230840021e-13,1.2661489191574428e-12,5.436568483650576e-12,1.0611263821661542e-11,1.8199946275633627e-13,2.228826049310535e-13,1.941057369405769e-13,4.5074287633692955e-13,1.2344856095637595e-12,3.2029756280871286e-12,4.197526273695513e-12,7.456755472596683e-12,1.7561227366306143e-13,3.3715792607151864e-13,3.457607570983223e-13,1.095859427200076e-12,2.8730435715051834e-12,7.937472022979636e-12,3.57923472940132e-12,5.394498063685751e-12,1.118614689982735e-13,1.3759622045096342e-13,8.770763212217147e-14,1.6784555058796198e-13,2.915241926499133e-13,1.6666151299816468e-12,4.528066113342156e-12,6.006875530589897e-12,6.861313409054397e-14,8.536713596716427e-14,6.975099644967822e-14,1.3256134841330788e-13,2.5754487541609807e-13,1.3125411331725546e-12,2.2493270309957532e-12,2.7371288528123303e-12,5.30511773083849e-14,7.968749620476458e-14,6.426457716378064e-14,1.1036714962359412e-13,2.647048810945361e-13,1.4002532700170154e-12,1.7672346781954922e-12,3.6731062768668006e-12,37,0.0
1.0418942366542133e-13,1.2071704960732673e-13,9.079027469769313e-14,1.8078179159184695e-13,3.6575730896967086e-13,2.0099774604459753e-12,4.4512438640154685e-12,9.109909384818433e-12,7.794850986440665e-14,1.1479935271483288e-13,8.988842268416503e-14,2.0964491628310067e-13,4.785809346748721e-13,2.0758751288865827e-12,2.146238449407287e-12,3.4197936973257772e-12,1.7633267429950997e-13,2.8448708853158275e-13,3.5989698282938827e-13,1.304839705013598e-12,3.235066898004221e-12,6.649096846286644e-12,1.7782162293943276e-12,1.3118812594084841e-12,1.8313290856599236e-13,3.282569028588873e-13,3.3283547243287893e-13,8.574474599955305e-13,2.2850477911137826e-12,6.0191359271386765e-12,1.832135415024403e-12,7.795893939253076e-13,2.3237494759910113e-13,4.449307040751338e-13,3.323932216028228e-13,7.16058916546218e-13,1.4247921438571876e-12,3.740646582408129e-12,1.4137776643484647e-12,5.01358298316421e-12,1.4436797035918402e-13,2.7748916845226056e-13,3.048575046737836e-13,7.927383303192748e-13,1.2965913459936836e-12,3.870711554156119e-12,1.5423978026567241e-12,3.642471204162556e-12,8.628065776896352e-14,1.3769184568456073e-13,1.349149229691257e-13,3.154929069995802e-13,6.972337931170419e-13,2.0438538066831345e-12,1.6885833185435885e-12,2.4861609326029075e-12,1.0467759869430837e-13,2.5887653096797833e-13,3.1428164911314035e-13,6.782076585102278e-13,1.0023933944117876e-12,2.22270823948753e-12,1.7017371028887289e-12,2.688193825417337e-12,8.862680637546543e-14,1.1731941530767636e-13,7.932349523968604e-14,1.7474361508980015e-13,2.5449032242392505e-13,1.1261378633335073e-12,2.9605395169334574e-12,8.938714330442605e-12,7.650053979468871e-14,1.1005301974190624e-13,7.335181233436824e-14,1.5321383847278586e-13,3.3170813357251287e-13,1.7609705354845417e-12,3.1587019966640963e-12,4.200003026027857e-12,3.165350884645057e-13,7.314809223081656e-13,7.985620299410658e-13,1.9158033835649487e-12,2.9851942155954602e-12,4.4704917040986675e-12,2.012638588276331e-12,2.70390007653662e-12,7.095283325948474e-14,1.0360922434465686e-13,8.583571256064635e-14,2.1325294221618612e-13,5.903768259303135e-13,1.9312227302026646e-12,1.5210818722410258e-12,3.972890907480041e-12,1.7299402120978627e-13,5.002184199289009e-13,5.6009977956053e-13,1.1155239771856617e-12,2.258392169236778e-12,5.258303548267676e-12,2.232043957166744e-12,2.185372895936391e-12,1.429711424896733e-13,3.0529874522359086e-13,2.92820337943252e-13,7.247853830168604e-13,1.276063440445817e-12,2.5779447510544567e-12,2.244709997632305e-12,3.3400803377178004e-12,7.41891511226391e-14,1.478292590229057e-13,1.5451502901318626e-13,4.172930502893587e-13,9.353259322693764e-13,2.330116267450727e-12,1.3346077449439304e-12,3.611054101713661e-12,8.651465955865286e-14,1.3964181269901177e-13,1.2291617896319128e-13,3.607884346771559e-13,9.746875836350654e-13,4.0925688685719685e-12,1.8555766741685415e-12,9.974450130827076e-13,5.866878576254313e-14,1.0675294814097703e-13,1.0312773628574172e-13,2.6919411185431797e-13,5.995577672840811e-13,1.973498282568864e-12,1.2168861154204482e-12,3.882200223173699e-12,38,7.0
3.4927928932533573e-13,3.985009463956354e-13,2.6123795543276256e-13,4.0904781371032105e-13,8.337109424571414e-13,4.239986004623609e-12,1.3823433040829989e-11,3.131562512521572e-11,3.367018675428904e-13,4.118878639079299e-13,3.0729584833683356e-13,6.173312182210532e-13,1.2009834889268993e-12,7.018325610240239e-12,1.174289546720142e-11,1.6944514609559462e-11,1.7255351609246576e-13,2.55881719027332e-13,2.0923189804082683e-13,4.5473497038071954e-13,8.776347419240751e-13,3.895584329309522e-12,3.4547956669833764e-12,2.8970554634151804e-12,2.9428879831207603e-13,7.730855575233083e-13,8.708637085125737e-13,2.316152549480756e-12,4.2796504270196e-12,8.92299582047772e-12,5.249937694516866e-12,4.008629155920277e-12,1.268053413805684e-13,1.662612312343614e-13,1.2375529589433788e-13,2.908669513634757e-13,7.343668310174722e-13,2.9370253885294843e-12,3.967005751995522e-12,9.104038637668078e-12,1.0934486758329825e-13,1.4323733901017992e-13,1.1744534715928685e-13,2.380527920699412e-13,4.803305641367262e-13,2.2990946642568253e-12,5.1584462567835615e-12,1.7159470429954323e-11,2.3947042216432553e-13,2.554984275477097e-13,1.6456911420047515e-13,2.810102953795817e-13,5.571472478901141e-13,2.711140011713676e-12,7.2912373693911e-12,1.3567748353515943e-11,1.465018182846311e-13,1.8920344824775496e-13,1.166660213421155e-13,3.9754458596533365e-13,1.0792240447980399e-12,2.621946341864518e-12,5.112971910115603e-12,7.33115231749755e-12,1.48128865518174e-13,1.7622143964846942e-13,1.067016650583298e-13,2.049493387228705e-13,3.5973942235109703e-13,2.024801189554176e-12,7.72866805662412e-12,2.4146927447745962e-11,3.5097195370722396e-13,3.932917302364101e-13,2.6091639632986915e-13,4.3801956138394694e-13,7.802161760205275e-13,5.104532819701507e-12,1.7757027238141884e-11,3.2172763881418434e-11,1.5110052603530086e-13,1.880514460549558e-13,1.2431029055519815e-13,2.43944587013672e-13,4.846165621434067e-13,2.4868839827111952e-12,4.638037742263255e-12,6.154524690441178e-12,2.710245657667405e-13,4.1563190833393737e-13,2.574029193067427e-13,4.154105720997195e-13,6.374229938682781e-13,3.0624579878698195e-12,5.238529127836559e-12,7.070703582336659e-12,1.8062710963282598e-13,2.251340362872484e-13,1.6663301375855062e-13,3.4195387619052024e-13,6.867313048468552e-13,3.5389513370644344e-12,7.089568705868488e-12,1.0582876419642761e-11,2.1829086407217274e-13,2.802486270254041e-13,2.0587435883529388e-13,4.1644484959126217e-13,8.100380393287364e-13,4.277701721748364e-12,5.856538906724553e-12,7.881156389910117e-12,3.3953326192687656e-13,5.636993038937868e-13,4.440254024612212e-13,1.284825889186433e-12,2.9289936912314365e-12,1.1741792659015424e-11,1.1799458451558201e-11,6.586151148185613e-12,5.387907566435973e-13,8.829374046397953e-13,8.672763968031594e-13,2.174328265112483e-12,5.697829832032397e-12,2.135866974005247e-11,1.207175667787314e-11,3.174288073219825e-12,1.5170386596681637e-13,2.67497072412151e-13,2.8213690468537997e-13,6.943558942025081e-13,1.3326596322155464e-12,4.274684848921037e-12,3.955764425593754e-12,6.702845194217094e-12,39,8.0
7.7969839084393e-14,1.1074601454242076e-13,1.0782629108728062e-13,2.8622942307523084e-13,4.756825127683915e-13,1.581252277084266e-12,2.1219041598885464e-12,3.746543091917479e-12,8.251221108102804e-14,1.0019895389101118e-13,5.630807943394533e-14,1.0565457709794927e-13,2.1094529246573438e-13,9.422632284181222e-13,2.9078444470074782e-12,1.0961915653605463e-11,8.910125787747115e-14,1.0847326577874935e-13,6.907545967379246e-14,1.440629801909769e-13,3.6502993407110884e-13,1.420379348554853e-12,2.149611854363278e-12,4.499487461349595e-12,8.597797124192031e-14,1.2092492081279957e-13,1.0685863028438798e-13,2.0631201482816436e-13,4.1469518160952896e-13,1.8120024245629297e-12,2.506654410617704e-12,3.3660734674707735e-12,4.261221648639654e-14,5.505630812876276e-14,3.477039958399817e-14,6.516448861770953e-14,1.2653877366015788e-13,5.756048576692236e-13,1.2230923303549515e-12,3.741227552429238e-12,3.7460411253463723e-14,5.381578106262948e-14,3.597705770784822e-14,6.79517066082922e-14,1.152018925282448e-13,6.216047728973416e-13,1.1588693142025694e-12,2.7896146669175493e-12,8.189169861682637e-14,1.0083619514477072e-13,5.3057007759620033e-14,9.210902017857743e-14,1.5307602425600684e-13,8.396960930478665e-13,3.0495144491091226e-12,8.111843989558145e-12,8.250511197477844e-14,8.73009334864089e-14,4.9790272404984386e-14,8.882501292593497e-14,1.436348282569136e-13,7.914890871023484e-13,2.5897542487092157e-12,7.543718178546347e-12,9.218733390953001e-14,9.833492107185017e-14,6.373480048178236e-14,1.2633476796803488e-13,1.7737630945872973e-13,9.414150639131012e-13,3.046383117703287e-12,8.539230715910782e-12,1.1053595237540969e-13,1.3036437107729715e-13,6.980556743411834e-14,1.248369613466511e-13,2.228808539299121e-13,1.3028134692382825e-12,3.8340947611661795e-12,9.592025410054618e-12,2.9809716559570874e-13,3.617797750996952e-13,2.2001713555037937e-13,3.482544334651534e-13,5.442240072539718e-13,2.6565179960140934e-12,1.1403372032224047e-11,2.4155768586100452e-11,1.017194759015539e-12,1.0647400815263359e-12,5.268447475046845e-13,9.747013286043751e-13,1.470800523255964e-12,7.470841778136095e-12,3.1379928370493404e-11,7.686970868496761e-11,1.0372381102160056e-13,1.260909012060851e-13,7.23277658938057e-14,1.0716713633379656e-13,1.7919281666141427e-13,8.800208698253378e-13,3.1270832410740296e-12,9.267911299264955e-12,9.134539398815061e-14,1.0612567912049988e-13,6.521089922007293e-14,1.0376141470468309e-13,1.5644777301668376e-13,7.703570889978406e-13,2.5175204079553665e-12,7.525525481048727e-12,7.301035605145743e-14,1.0651050238380989e-13,9.720966180722862e-14,2.1431314240958203e-13,4.2453178088189395e-13,1.5231035703361797e-12,1.8121961322992841e-12,1.8997582305163485e-12,5.704440648938436e-14,6.417977269283132e-14,4.2338353349747786e-14,1.2057936689830212e-13,3.1462884775414237e-13,1.876893283248004e-12,1.09353585507045e-12,1.1840337232163883e-12,2.6544195361619637e-14,5.379323391763052e-14,5.754534222797416e-14,1.3242511003996577e-13,1.609611455639681e-13,4.982672472802732e-13,8.146234078563534e-13,2.7043111515040955e-12,40,4.0
5.358272371915329e-13,1.4984599147266422e-12,2.4324288644734067e-12,2.6067915230850968e-12,3.2552195827605593e-12,1.458085084955409e-11,1.2947119166130588e-11,9.363588705606004e-12,1.1808315259319436e-12,5.677360662545582e-12,6.282662660560478e-12,5.53192042090936e-12,3.2058344362418123e-12,2.182079791935563e-11,1.3207832258378648e-11,6.008853219241382e-12,9.135305432040971e-13,5.4240548394668045e-12,5.537019373863109e-12,4.562640372822187e-12,6.616546603278604e-12,1.677496410943592e-11,3.630172579749641e-12,1.7401080783621764e-12,6.581954262959552e-13,1.937409910643006e-12,3.1621840057283567e-12,4.575558703360307e-12,7.412898465232031e-12,2.099329954441826e-11,4.489788720873003e-12,1.862244932728733e-12,8.08892726765982e-12,4.3588283798903404e-11,4.836719123507029e-11,3.1214746572533786e-11,1.296698379235571e-11,3.643745790772122e-11,7.973186764048666e-12,5.003896675986134e-12,1.0441985844175026e-11,6.017019003067649e-11,1.396017023211148e-10,5.919098764112292e-11,2.7644195177593964e-11,4.750883850256315e-11,7.63410489709365e-12,5.224549226104188e-12,5.905970462929906e-13,1.5534696287826103e-12,2.2226189116692274e-12,2.089034337293165e-12,1.9872532811486188e-12,5.785403423758105e-12,1.1948610246915261e-11,2.4188233377850375e-11,3.2967006415684182e-12,1.711343185054472e-11,1.630756336009112e-11,1.186384769355451e-11,6.960050280030831e-12,1.8318410080222045e-11,4.409976205726953e-12,3.5617253240531934e-12,3.1049987628775893e-13,1.256781587204186e-12,2.329801379082771e-12,2.305838675791414e-12,2.837925164920239e-12,8.733131773088244e-12,3.4807259957735917e-12,9.232101097077327e-12,3.871518151130435e-13,1.412421843031926e-12,2.4830842327748216e-12,2.179156802164622e-12,2.1473314202247363e-12,8.747932011749234e-12,4.003533706404252e-12,1.1385581392845976e-11,4.436442509190892e-13,1.6382210452019395e-12,2.8557337830108595e-12,3.2558514055794287e-12,2.2197880287682357e-12,5.6094554390605715e-12,3.914384423031002e-12,5.161753259999764e-12,6.740299584417002e-13,2.866823252879581e-12,4.549671065039098e-12,5.6037111567158475e-12,5.649244983781472e-12,9.030279312240032e-12,3.0695665263622613e-12,3.4520454177292127e-12,6.038134375841703e-13,1.714691899443463e-12,2.4938479174845745e-12,3.1466990898982654e-12,4.516792102163664e-12,1.0567779698635078e-11,5.053777250357234e-12,5.448465360490045e-12,8.775837925183413e-12,4.997395527850283e-11,6.648637399870401e-11,3.89831667989078e-11,3.05511094143337e-11,6.327944250816123e-11,9.404225744523621e-12,3.87519055402229e-12,2.228216471563959e-12,1.8280845333845775e-11,1.8182972941295912e-11,1.2344848385261794e-11,9.572890262972488e-12,3.3838869454832455e-11,1.0138105677359369e-11,1.4659060849080388e-12,2.309818409069399e-12,1.107845868262189e-11,1.5684396977473416e-11,1.0919841619058715e-11,7.596730615972998e-12,2.8044317795270878e-11,6.046505689347297e-12,1.2072349983894054e-12,1.4483980003640556e-11,8.260069728480427e-11,1.3806084611269467e-10,9.674692414371522e-11,1.5224863308115957e-11,3.0644143317674686e-11,5.353181199773928e-12,3.766474835821701e-12,41,7.0
1.1731845594435713e-13,1.576713334119692e-13,1.0226877723640181e-13,1.8102889163797702e-13,3.081179344675502e-13,1.3900866825866345e-12,4.60492136572985e-12,1.8153807619765042e-11,6.159790503555159e-14,8.731358777217487e-14,7.133750495782105e-14,1.296600400708178e-13,2.733331636150383e-13,1.1786471492339104e-12,2.01258616707452e-12,3.923154075658365e-12,5.864579404062042e-14,7.787775937780367e-14,5.241329618161025e-14,1.0845392355143757e-13,2.1835265849237851e-13,8.700736107476755e-13,1.9719943443987445e-12,3.651165017911548e-12,4.566814837424111e-14,6.16796668896021e-14,4.872607580449394e-14,8.480220519063883e-14,1.745407831809404e-13,8.36294975481581e-13,1.7903172269281667e-12,5.907258842587566e-12,5.385532817513913e-14,8.166720747275928e-14,5.6644015015194914e-14,9.22533581689607e-14,1.675312922379212e-13,8.069656093538695e-13,2.813976486554128e-12,1.451578602386476e-11,8.267233680985025e-14,2.0688651453724452e-13,3.4134965342563023e-13,5.119898013328914e-13,4.0791138662233564e-13,1.14032146101047e-12,3.0247739335695658e-12,1.558283320443018e-11,1.4246138795540968e-13,1.8018384185512727e-13,1.0213553321481275e-13,1.6737943876544656e-13,2.8382176851856594e-13,1.3423817191700585e-12,6.2087770546391314e-12,2.3653511349158463e-11,1.6431782934679073e-13,1.821622285997732e-13,1.0473292032384068e-13,1.8189983689886108e-13,3.1672728848664543e-13,1.4627518647653206e-12,5.806195498366758e-12,2.163260401869287e-11,2.5936608692193797e-13,3.014751284221866e-13,1.6150273329588206e-13,2.8418658859745115e-13,4.666055538448055e-13,2.3013094734191114e-12,1.3669974190293164e-11,5.730249361075264e-11,1.0486697631081753e-13,1.337868194841992e-13,8.426188853969661e-14,1.341727442102998e-13,2.4281659102219424e-13,1.2714260950916396e-12,4.6825753669714114e-12,1.0805713678721839e-11,1.0630902927052023e-12,1.155533224072899e-12,7.110193328849287e-13,1.2229671337676625e-12,1.765634065008922e-12,1.0107713618886636e-11,4.822450171171885e-11,9.59247053004095e-11,1.3424766782705064e-13,1.4703929987295156e-13,9.242903373525082e-14,1.600410287123338e-13,2.723473594520944e-13,1.3861891382626842e-12,5.00256492286161e-12,8.457093643478912e-12,1.7898597616410172e-13,1.9306971033487667e-13,1.1502821260868097e-13,1.866452808696689e-13,3.1033075793882663e-13,1.5656356454326165e-12,6.75939489320115e-12,2.2254942165062153e-11,1.1987931434171354e-13,1.8689780322482971e-13,1.5390764924459354e-13,3.23785169151967e-13,5.692101000589069e-13,1.604434685005928e-12,4.280406516965605e-12,1.606546135558017e-11,6.690283790958107e-14,1.2069866771749025e-13,1.1257727637405721e-13,2.1964450347938407e-13,3.0584027448831154e-13,1.1865224258614146e-12,1.980468698612211e-12,3.5455743120251958e-12,4.942490922331859e-14,7.020549953044232e-14,5.776770309779523e-14,1.2943929848717847e-13,2.298991843474104e-13,7.143476390153137e-13,1.5306456662621437e-12,5.065312611942898e-12,6.694299275919178e-14,2.371457698817976e-13,1.5208731549257853e-13,1.9394162294387861e-13,1.8504392830125466e-13,6.669980426344523e-13,2.5272539609045524e-12,1.3961963934116844e-11,43,6.0
