ApEn_Broadband_F3,ApEn_Delta_F3,ApEn_Theta_F3,ApEn_Low_Alpha_F3,ApEn_High_Alpha_F3,ApEn_Low_Beta_F3,ApEn_High_Beta_F3,ApEn_Low_Gamma_F3,ApEn_High_Gamma_F3,ApEn_Broadband_F4,ApEn_Delta_F4,ApEn_Theta_F4,ApEn_Low_Alpha_F4,ApEn_High_Alpha_F4,ApEn_Low_Beta_F4,ApEn_High_Beta_F4,ApEn_Low_Gamma_F4,ApEn_High_Gamma_F4,ApEn_Broadband_C3,ApEn_Delta_C3,ApEn_Theta_C3,ApEn_Low_Alpha_C3,ApEn_High_Alpha_C3,ApEn_Low_Beta_C3,ApEn_High_Beta_C3,ApEn_Low_Gamma_C3,ApEn_High_Gamma_C3,ApEn_Broadband_C4,ApEn_Delta_C4,ApEn_Theta_C4,ApEn_Low_Alpha_C4,ApEn_High_Alpha_C4,ApEn_Low_Beta_C4,ApEn_High_Beta_C4,ApEn_Low_Gamma_C4,ApEn_High_Gamma_C4,ApEn_Broadband_P3,ApEn_Delta_P3,ApEn_Theta_P3,ApEn_Low_Alpha_P3,ApEn_High_Alpha_P3,ApEn_Low_Beta_P3,ApEn_High_Beta_P3,ApEn_Low_Gamma_P3,ApEn_High_Gamma_P3,ApEn_Broadband_P4,ApEn_Delta_P4,ApEn_Theta_P4,ApEn_Low_Alpha_P4,ApEn_High_Alpha_P4,ApEn_Low_Beta_P4,ApEn_High_Beta_P4,ApEn_Low_Gamma_P4,ApEn_High_Gamma_P4,ApEn_Broadband_O1,ApEn_Delta_O1,ApEn_Theta_O1,ApEn_Low_Alpha_O1,ApEn_High_Alpha_O1,ApEn_Low_Beta_O1,ApEn_High_Beta_O1,ApEn_Low_Gamma_O1,ApEn_High_Gamma_O1,ApEn_Broadband_O2,ApEn_Delta_O2,ApEn_Theta_O2,ApEn_Low_Alpha_O2,ApEn_High_Alpha_O2,ApEn_Low_Beta_O2,ApEn_High_Beta_O2,ApEn_Low_Gamma_O2,ApEn_High_Gamma_O2,ApEn_Broadband_F7,ApEn_Delta_F7,ApEn_Theta_F7,ApEn_Low_Alpha_F7,ApEn_High_Alpha_F7,ApEn_Low_Beta_F7,ApEn_High_Beta_F7,ApEn_Low_Gamma_F7,ApEn_High_Gamma_F7,ApEn_Broadband_F8,ApEn_Delta_F8,ApEn_Theta_F8,ApEn_Low_Alpha_F8,ApEn_High_Alpha_F8,ApEn_Low_Beta_F8,ApEn_High_Beta_F8,ApEn_Low_Gamma_F8,ApEn_High_Gamma_F8,ApEn_Broadband_T7,ApEn_Delta_T7,ApEn_Theta_T7,ApEn_Low_Alpha_T7,ApEn_High_Alpha_T7,ApEn_Low_Beta_T7,ApEn_High_Beta_T7,ApEn_Low_Gamma_T7,ApEn_High_Gamma_T7,ApEn_Broadband_T8,ApEn_Delta_T8,ApEn_Theta_T8,ApEn_Low_Alpha_T8,ApEn_High_Alpha_T8,ApEn_Low_Beta_T8,ApEn_High_Beta_T8,ApEn_Low_Gamma_T8,ApEn_High_Gamma_T8,ApEn_Broadband_P7,ApEn_Delta_P7,ApEn_Theta_P7,ApEn_Low_Alpha_P7,ApEn_High_Alpha_P7,ApEn_Low_Beta_P7,ApEn_High_Beta_P7,ApEn_Low_Gamma_P7,ApEn_High_Gamma_P7,ApEn_Broadband_P8,ApEn_Delta_P8,ApEn_Theta_P8,ApEn_Low_Alpha_P8,ApEn_High_Alpha_P8,ApEn_Low_Beta_P8,ApEn_High_Beta_P8,ApEn_Low_Gamma_P8,ApEn_High_Gamma_P8,ApEn_Broadband_Fz,ApEn_Delta_Fz,ApEn_Theta_Fz,ApEn_Low_Alpha_Fz,ApEn_High_Alpha_Fz,ApEn_Low_Beta_Fz,ApEn_High_Beta_Fz,ApEn_Low_Gamma_Fz,ApEn_High_Gamma_Fz,ApEn_Broadband_Cz,ApEn_Delta_Cz,ApEn_Theta_Cz,ApEn_Low_Alpha_Cz,ApEn_High_Alpha_Cz,ApEn_Low_Beta_Cz,ApEn_High_Beta_Cz,ApEn_Low_Gamma_Cz,ApEn_High_Gamma_Cz,ApEn_Broadband_Pz,ApEn_Delta_Pz,ApEn_Theta_Pz,ApEn_Low_Alpha_Pz,ApEn_High_Alpha_Pz,ApEn_Low_Beta_Pz,ApEn_High_Beta_Pz,ApEn_Low_Gamma_Pz,ApEn_High_Gamma_Pz,patient_id,pain_score
0.7930752279807382,0.11841708676501242,0.31520205589951344,0.3338613578045267,0.3248580294489774,0.319281547778862,0.4906002001159643,0.6853870955873315,0.7947509716879521,0.802640094405642,0.14391558147961758,0.3249176513728656,0.3379283541102548,0.3297849037218851,0.3238281765633298,0.5253565631361157,0.679692697909683,0.7787052810357475,0.7916901424766414,0.13912889431651837,0.3254878866938539,0.33657207600294176,0.3290724341383746,0.3250562230598699,0.5546437749122476,0.7087427503656345,0.7885961744169867,0.8066799850498845,0.12410189164452591,0.33205079107079727,0.33917617755663687,0.32692742657559126,0.32224298038639143,0.5382292973386047,0.6990527868833742,0.7901930851243112,0.7940587296861321,0.11689714776916531,0.32361081657193996,0.33333226854038045,0.3253703315235185,0.32566918239138315,0.5341509715796153,0.6711628825956358,0.778882341984161,0.8202930543568352,0.13766932706112628,0.32286100536545775,0.3322676838512515,0.3201324236128548,0.31407451878500564,0.5099346603822715,0.6989352924301692,0.7895670020679033,0.7853641173281678,0.12797415491903474,0.32870048640051797,0.33723617853434973,0.3286792059461385,0.326448628713683,0.5370655029331103,0.6551372720043812,0.7748095604516356,0.7914398184531204,0.14632704072677644,0.33330392018639193,0.3419733487989393,0.32891404431037374,0.328166485098373,0.5389010977139624,0.658165367164965,0.7813037405668722,0.8163682122899281,0.13857984079538122,0.3318337494270694,0.3383474327215672,0.3269654675733247,0.3237448510491979,0.5344413121789697,0.6555150447025473,0.8093288822578133,0.8109317121997965,0.15014045080613989,0.33073027718351466,0.3366930559239057,0.3281853680733807,0.325059649562511,0.5181032315575114,0.6638007602630726,0.7952298456901568,0.7882749830290849,0.151036079417922,0.33251413705311406,0.33949811017929177,0.3290755479483664,0.33274122987552096,0.5533060606982081,0.6747826036366176,0.7802227960666696,0.7884278891541346,0.15503134776839134,0.3360392010766081,0.3406365465231171,0.3285342588587463,0.32814729197656645,0.5364132813069279,0.6897168526432033,0.7794174985611679,0.7780332787019771,0.13264878653120765,0.3342447501703325,0.3400365216093518,0.3303376259928707,0.32960894484117936,0.5442173561650061,0.6441394824753441,0.7818928552593354,0.7868162580251014,0.16331562216740736,0.3323346340192642,0.3416627974670415,0.33029198908057267,0.3329103580529306,0.5576019283245374,0.6692230443495382,0.7792800891507409,0.8099220896940514,0.1536709525368086,0.3299176559191805,0.3375824401898748,0.326486176865564,0.3251810406847454,0.5136284406103533,0.6858195974892003,0.7795015192719711,0.8130210806601219,0.13711043995772482,0.3257715901418809,0.33582874701726234,0.3272853164459612,0.322520716014766,0.52785261472543,0.692575433118989,0.7977308639400534,0.8353362028845892,0.1344533496395316,0.3240762499089392,0.3312749289214258,0.31595220908015254,0.3088508388732028,0.4941712525022514,0.6995230327756726,0.7996366632041517,0,7.0
0.7825900944344154,0.12689880240665272,0.33164859075764386,0.3391905616106195,0.3305629612808354,0.3260581952874897,0.5412604564860386,0.6679843510251577,0.7796167246636714,0.7733943645554927,0.13567637749156589,0.3343795970458229,0.3392252444429609,0.33047050457809063,0.32903587969198006,0.5524731951932049,0.6592018811457346,0.7737452656583076,0.7846909352657451,0.1272808328979098,0.3281698990611749,0.3386342499778653,0.3269398374816931,0.32856850870145704,0.5416981120164701,0.6770074640317161,0.780607008154411,0.7784613159947124,0.13635190358327273,0.3336706095346134,0.33945349213108145,0.32896354364248476,0.3306937642394249,0.5572865997419973,0.6709909449419664,0.7769552324159898,0.8295661461244425,0.1186457465034996,0.3017680845250365,0.30982581437883167,0.3054004202735119,0.30209108043511784,0.4758761011996201,0.7113721729941342,0.8090250411057632,0.7851901901454549,0.13701349550238487,0.32567998297206713,0.3386907000030566,0.32441651988221576,0.32704557988793154,0.5604080056947961,0.6752858810928634,0.7816860026324334,0.7829027785352876,0.11439359341524319,0.32823827105695136,0.3378066114490808,0.331680705577568,0.3301600814414531,0.5708095290350125,0.6963864361264295,0.7761383894483358,0.7868057819421276,0.1490862589660735,0.3361968251442582,0.34022717281396997,0.3348112512937883,0.3322234388853393,0.5765685376371695,0.6761264782265398,0.7719785519177966,0.7843717690081613,0.14204378607196802,0.330301975922899,0.3394811983744011,0.32787861585712835,0.32948408716712263,0.5568807443521083,0.6699217110207178,0.7813596514233392,0.7843577821606547,0.14701513982787615,0.33268685154593625,0.3382310703916154,0.3312428659154835,0.33006040349603427,0.5673951196583981,0.6850432777142117,0.7886304443066853,0.7820099174364044,0.1426769807375546,0.3329451135021012,0.33950781825141013,0.33078384883878653,0.3323179861345489,0.5468750795916902,0.6647039650401623,0.7733321982333019,0.7716532724384795,0.14246661560635054,0.3361708732967932,0.3421337382142859,0.3318453562392956,0.33159627754905424,0.5650731702319837,0.658659918582921,0.7758461267942178,0.7955550814394644,0.13067399926378612,0.3277101079110563,0.33592635885253275,0.3287328833191071,0.32405749251097077,0.5160237563271327,0.671844037201719,0.7709886195635488,0.79028213531753,0.1499313094916309,0.33619926023996144,0.3407205519439166,0.33279782372916866,0.33287431749902263,0.5357423035803596,0.6544537970098157,0.7705824372813692,0.7927174726730051,0.1256828086197589,0.3186957722356882,0.334625967048092,0.3256472707391547,0.3248036325427275,0.531443274486358,0.6963963175082352,0.769443630161481,0.8050802223987628,0.13097769222114786,0.3244319835610649,0.33430993624841043,0.3272687691790944,0.32176018828665437,0.5151387453340326,0.6993002669884345,0.7786085537846044,0.7981588570535157,0.12639721322011715,0.32055839593680624,0.3317344813874693,0.3248692260045619,0.32370612473863725,0.5424803223240369,0.7185799567268089,0.7912338712322512,1,4.0
0.8485372221108829,0.14939890527596683,0.2997548230100207,0.29563904681404063,0.3023344756292164,0.312665049186498,0.46887608650695944,0.6893938574534716,0.7840220725552137,0.8576390490964019,0.1356507102417242,0.28275035620171035,0.2851251336233438,0.29073479774295885,0.29187487522197925,0.4184216661448299,0.7058594677480775,0.7996880957204542,0.883103837044583,0.14503073093348895,0.3100359052402051,0.3091632093883876,0.30808976516939107,0.3027468128808704,0.4523439879889877,0.6900837443626977,0.7762396242679765,0.8904259243675142,0.1527058137309274,0.31128081081166475,0.31304383702837785,0.30801755543596365,0.3021117723217921,0.4392812650036872,0.707241266411014,0.7765799925709428,0.7438746513710096,0.1275116270314085,0.22788187207820546,0.23059947685041096,0.2436886452560828,0.27354780278034235,0.3838509619485711,0.709350833456682,0.7951437087932438,0.6395977011946441,0.12101291631748438,0.1967780148505988,0.20219676008026113,0.22857099854178917,0.27413182624722515,0.4052261506160615,0.7227309975213421,0.7947639290526699,0.7774904402964772,0.15798194149971354,0.33202732128360934,0.3340486040750704,0.3278768594052123,0.33520638753822307,0.560015853239254,0.6520865188306283,0.7761050236799554,0.7823991684077678,0.13107703619813643,0.32450567725276785,0.33701953402844176,0.32799347193063505,0.33331974497534117,0.55353980293119,0.6632108900182139,0.7848526667928402,0.8125687352087774,0.1566939690977487,0.3229154474668042,0.3226810472989011,0.3241567808217516,0.33096094478408,0.513374396495057,0.6608264604181768,0.7963605353182731,0.8022313050869666,0.13066386800613586,0.3060837216978694,0.3135251342221093,0.3218132940104061,0.32615905545277335,0.5317520941931648,0.6807933178854714,0.7879394419113688,0.7864497007516315,0.1557381655212225,0.33775220078344415,0.33936532321646995,0.33038826802380566,0.3237765958354478,0.5343432480456911,0.6903241895026754,0.7817503935844431,0.8267119511847679,0.1497476363046137,0.311488702577353,0.3173090139967449,0.3180092182725696,0.3239584617298126,0.5005022356493416,0.6849929754035877,0.7717310463136793,0.839394903682657,0.155598271802402,0.3181617462973259,0.3214672018420216,0.3151440031293978,0.3087101562245967,0.46430363979150113,0.6732337548805865,0.7750427607811086,0.8605819396987133,0.13308764512909382,0.2835082232461288,0.2926265789434755,0.28978902913309035,0.28714017901435285,0.37173773874869476,0.6503109215886994,0.7825599079714073,0.8840019556809884,0.1336181541498223,0.27139054365007176,0.2797585318006933,0.28772825146624004,0.29182669062369665,0.4265228599809687,0.6998832801700483,0.7778102103532399,0.8933077186049939,0.14260330828332946,0.27887891324820047,0.28789982838291694,0.2913106951860043,0.2956309649319298,0.4407965174757091,0.7043701394557276,0.7902483270304259,0.8336563432836167,0.13162187886352794,0.2816970438750495,0.2951030455180755,0.298792262205261,0.3080465306643892,0.4916293022788368,0.6761345228892676,0.7834563109995443,2,3.0
0.7842602269580579,0.16899522611517698,0.3319800868386889,0.3370974889078134,0.3285861429126138,0.3281921615987191,0.534756992460177,0.670527756339058,0.7748587927650286,0.7917528888594295,0.13895622540220248,0.3194027697465873,0.33401943960409647,0.32565459374619077,0.32339582508993736,0.4958767101700957,0.6360513085706608,0.7722656665957024,0.7723454372768919,0.15017248951479406,0.3276453089135395,0.3324901158400371,0.3254642100760722,0.32353917292993756,0.5300733481273231,0.6545848599061771,0.7528326132925769,0.7896133000762565,0.1425375945916189,0.3241757344494224,0.3348448956246167,0.32315770214932066,0.32566782524743243,0.5319219653276759,0.6638818113010061,0.7713404087813965,0.786930800663179,0.14027347462684103,0.32574403792239326,0.3291354734672661,0.3215225697298819,0.3216612195788845,0.5091921485535761,0.6657439814746163,0.7714098946592023,0.8105120243691347,0.1189774736402026,0.3039829836720335,0.3148211921964864,0.30784172376792757,0.30673452457600037,0.46870246486515327,0.6695183372850925,0.7763278206413555,0.7936415260970651,0.13931545750566926,0.33771682923644697,0.3405201394881798,0.3303176270437929,0.33084693354735906,0.5417450484096482,0.6584924937013039,0.7772947865441986,0.7923567620769928,0.14506265312704622,0.3275413738335105,0.3376840867851468,0.33039387163996764,0.3325342171844617,0.5564947032702858,0.6682103976793214,0.7783338659482322,0.7905760495178827,0.1396136566353457,0.32304628179474065,0.3352496074866877,0.3283970730018053,0.3244404855069991,0.5334313044207755,0.6597474906336905,0.7797223083645458,0.779323711049143,0.13345822339588567,0.3263069675670475,0.3361852506493456,0.33033093625447013,0.33102718392790736,0.5336726818625992,0.6717358817629181,0.7736369072745556,0.7961987348537609,0.14859079209346218,0.3186944698027456,0.33067104586525653,0.323767620171821,0.3208772379729261,0.4818856679981935,0.6408208503696875,0.763957788490526,0.7801862157814287,0.13924039886142936,0.32245060715866725,0.3327051358015551,0.32582775679639864,0.3247847097634636,0.5314809353146388,0.6498492603079508,0.7738862790150839,0.795682659837567,0.1539623308370374,0.33020784463214853,0.3373771369509443,0.32605849443923396,0.3211320241728535,0.5118776541521635,0.6595975026811149,0.7650822627302003,0.7883172407605706,0.12446414281556203,0.3257812760271746,0.3361491057624773,0.32778377742769627,0.3303587925961831,0.5495308071301137,0.6672887424906271,0.7746294415988189,0.8084237361493257,0.1442820905944255,0.323344772882722,0.3324427169073057,0.3225410866118153,0.31926414479287524,0.4852087243737388,0.6608134665016834,0.7666249840176563,0.8229079530524914,0.1351098897900169,0.31851270780150204,0.32639182658913124,0.3172818595043526,0.31054013685355947,0.46823643812518007,0.6734770781816503,0.7816063585559624,0.7915078859153802,0.12801508328470967,0.3131573583821771,0.3192533694665545,0.30766053015621314,0.31495901946791327,0.5130275959538785,0.6857780036232424,0.7817221098632631,3,8.0
0.7920719046886766,0.14855232562721774,0.32511920909880554,0.33404974550209193,0.3232735459435977,0.31994926417481595,0.5168550535599077,0.6870911788023315,0.7792566754176501,0.8070320994028819,0.12055670002634583,0.3077998868079632,0.3271462572729647,0.31534377894166005,0.3043477898702612,0.4751131192837739,0.7057890188798822,0.7868620780262937,0.7677519394515087,0.1437467344073568,0.32833113885318826,0.3350468869505549,0.3207457004426015,0.31589303533730445,0.5349644025404118,0.6687599790730456,0.7734515139336724,0.8363222842583435,0.1422860805556223,0.3282787482952596,0.33144059566713463,0.3206045832574341,0.30804571817118,0.4630538438043214,0.6967010374826268,0.7779034972121124,0.7832033521613804,0.14437323591450385,0.33365008690611775,0.3378464941976061,0.3319522618725822,0.3282096825134898,0.5486016370001481,0.6945471178617764,0.776488487691871,0.7945332746381971,0.12942147396727935,0.32120242248396313,0.3356258356857031,0.3254364839459642,0.32469875680200694,0.5136736326204864,0.6940656627333238,0.781330876461415,0.7864090238689105,0.12694940747826233,0.3296365307328349,0.33741677759820293,0.329569578903171,0.3300482997724631,0.5477116477587622,0.6715686992278663,0.7720825488204125,0.7832514837965532,0.1379255717421102,0.3323734762965926,0.3392217393969243,0.33155412771777926,0.3297794875383179,0.5556024124885615,0.6811326123331513,0.7728958487595594,0.7853622679081144,0.13694243684406043,0.3289539429214708,0.3360035293945475,0.3300992118808178,0.3249012013835707,0.5488592900739553,0.6611972625190308,0.7716863192656139,0.8003415885665511,0.14455449757664443,0.3255027295292992,0.3355839937659709,0.32478071114569207,0.32059511943971547,0.5128710535771196,0.6820844176802996,0.7728050779685516,0.7777203553791886,0.14062648640029413,0.3335273060641609,0.33963607598359746,0.32756084480503006,0.328374464103436,0.5366270156645147,0.6570042236788809,0.7801892313358951,0.7821513778749951,0.13302675975236222,0.32860066658538334,0.3364136500837728,0.3276447654610279,0.3301270074932839,0.5462940281560853,0.6754937559713288,0.7763254287322883,0.785294120410639,0.12978026759326353,0.3320633531851868,0.338581429342847,0.3296848752690722,0.3299707051948618,0.5389192884060083,0.6601390130160463,0.7720563131059266,0.7885307417755882,0.13702409530592052,0.3268815924877609,0.33743859895861245,0.3285995092582463,0.32813510077373426,0.5334299803705826,0.682996238898924,0.7756263563558583,0.8461534504855992,0.14457644460558408,0.31287025008001534,0.32447452720766123,0.3112913579323341,0.29281924982348256,0.3862301609615733,0.7013584069153883,0.7908549383108027,0.8412376273018538,0.1452723219887827,0.3161176437767632,0.32653495066528765,0.3190718388086098,0.30382424869590474,0.4381100081979451,0.7170767211846516,0.7870853547105818,0.800574173496077,0.13844555533434116,0.32678156767014893,0.33502394762841686,0.32467497161142833,0.32010191405578153,0.5164063378291279,0.697110327335125,0.773174146519536,4,5.0
0.8410547788909911,0.14599058257524195,0.3294959375276347,0.33203886448251085,0.3192266833154985,0.3071455542951459,0.3942403559858949,0.6904566523006717,0.7711755751854834,0.8480166693961841,0.16268854211037853,0.325222794294014,0.32728600576297606,0.3161414559498216,0.2978204441117557,0.36575909234885895,0.6949942528439698,0.7928762632638904,0.8808534240004495,0.15089035340769505,0.322997443767652,0.3286125370388037,0.31522613616708955,0.2983755430597138,0.41515332679564154,0.7081254457191704,0.7798531560610102,0.8781343102783137,0.13699884452767871,0.32828894411689646,0.33200439465983156,0.31620109409404257,0.3020005187305684,0.42619231157937176,0.7064629025302287,0.775917442397827,0.8166459475378911,0.14265215488502184,0.3120725611967417,0.3202570090779267,0.3044198954241031,0.2961651848953427,0.3958263885368928,0.7217425670063512,0.8018665484339146,0.8821513710626777,0.13399015425277086,0.29602804712591213,0.3120460271365684,0.30029567126086865,0.2851576188382988,0.378550904758545,0.6951711324314498,0.7854233242912595,0.8630457112277193,0.13580152937788356,0.3174447358223344,0.32905317971259146,0.31357450026635103,0.3029865114198279,0.41348919295299325,0.7045864481887686,0.7869086061811041,0.7802801343559749,0.14706615958755911,0.3288932529911116,0.3376402904717202,0.32908378839686286,0.3251305687483794,0.5373033179013313,0.6604541544609227,0.7810104645623787,0.8467632254309847,0.14961598030262308,0.32034422901177256,0.3287365393577032,0.31786335874273447,0.3040230858768146,0.390455526098615,0.6820382785550613,0.8011600362160144,0.8173242447305484,0.12315230542827674,0.32142415151093756,0.3316966257984272,0.3203803475307311,0.30951549806778095,0.4588970978779883,0.6931069116541367,0.7884007553586796,0.8713857194697502,0.1380140650417815,0.31349910314633234,0.3264277493406976,0.31190155977034173,0.2975152775305009,0.41048332716475044,0.6863550330693566,0.775612680200774,0.84711971383419,0.15723770159369377,0.32217655759539077,0.3295417111382279,0.3168304480221329,0.30720529554547604,0.445564747296207,0.6872907981647797,0.7800285950639976,0.8828856904544112,0.12149512557363093,0.30211903207584495,0.31813794810345325,0.30693819013941936,0.2850872526168884,0.3835358742511199,0.6982686622757426,0.7818505020399046,0.8571732799814767,0.14083271754680382,0.3159180638864329,0.32666793119643606,0.3123190313847027,0.29722633489927,0.4234041196241934,0.6744838304586505,0.7786252889655821,0.784536560148389,0.15446231857189988,0.32811089227969564,0.33225145603651474,0.32006157906192007,0.3096428875699185,0.4453936730932287,0.7311474437795291,0.7757162618220291,0.8428355087661143,0.14763010939968849,0.3217543262915571,0.3245750793309163,0.30938457929248797,0.2996659563864822,0.4180114410043606,0.7500631053133021,0.7993920136701465,0.8654382531757541,0.13367741868688776,0.3009648907223942,0.31526123664180267,0.30511538928713855,0.29515939656279727,0.3890271817741879,0.714925560690782,0.8037862603595263,5,2.0
0.8361595027953581,0.12221679437620118,0.3000394290681195,0.3196689723557125,0.3159339383428585,0.31143645786031493,0.4558034844904734,0.6757014539035773,0.840828246413248,0.833217556840565,0.1365678412744946,0.3139122821645504,0.3261266533389642,0.31705389709736376,0.30511116679064504,0.4370546298868062,0.6707801130751492,0.8449241539161878,0.8276737528069711,0.1379043385560414,0.3223735130043089,0.32932434060058996,0.3180558733070601,0.30924306523633005,0.45584963731753375,0.6954007177523472,0.8227631298749162,0.8395544973144243,0.13832380132061112,0.31537340235780165,0.32982079229652295,0.31753958346006017,0.3053591258228375,0.4401687784365745,0.6947927835212202,0.8294567916865141,0.8297123939340162,0.12710969988606555,0.3123970035352171,0.3223556849448005,0.3113694363176669,0.3062197009036601,0.4576416849028263,0.6721657882336988,0.8488228683937575,0.8270089554328611,0.1341030273816903,0.29250944594865563,0.30077905927052984,0.29576500487374235,0.30429277740205835,0.4672863901052215,0.6824974303223555,0.7948459934358959,0.7906288140871714,0.14217949034020505,0.32753238259350065,0.336146356851336,0.3290756405619192,0.32868316150042715,0.5549092822032606,0.6656545548733468,0.7933757733168637,0.7906306803640504,0.13641639241289605,0.3299520719271736,0.33924130899298205,0.3288849882698353,0.33047152045485334,0.5617119042390845,0.6698026004368377,0.7896551471433216,0.8148507317803688,0.13486299158922213,0.3197613608586144,0.33437039079766023,0.3243343406616643,0.3202832900822096,0.5149229022156164,0.6708575468413133,0.8195411340628743,0.8574281403098862,0.15330092592093642,0.31551097555872054,0.33437134820769165,0.3216045727754785,0.31588386294762616,0.49379919261689964,0.6542904416114078,0.8432822415249551,0.7808185362446524,0.14317665176007943,0.3323592461909529,0.33850126871576214,0.3296654594458054,0.329570993671163,0.5443979793018194,0.671364087935457,0.7838109714690777,0.7895442031068045,0.13785744617684773,0.33353273587891513,0.33997930608103233,0.3323308452786308,0.3296335357225535,0.5519668640270335,0.6754244681423934,0.7903365376978922,0.8302925829104324,0.12372273265249945,0.31981929457006963,0.3333662421148205,0.32098552786174794,0.31060376488057867,0.4639741766297692,0.6710101374030376,0.8226655687072614,0.7942017411681568,0.14091383513046504,0.3265160865250386,0.33846951400425185,0.3287214603400702,0.32483212290072133,0.5342810199568134,0.6711212703114459,0.7794410798739466,0.8381377755657285,0.1342198720938991,0.31138816732641894,0.32048744672718443,0.31374930239467874,0.30259646646394955,0.43087570909974215,0.7059383756285323,0.8145283077192984,0.8443313174004194,0.15323621541092297,0.31626192919365,0.33032974198069637,0.31893219831253367,0.30486977980085855,0.4179827023656898,0.722745773780173,0.8266056742838708,0.8412476540782933,0.14233308345740128,0.31341710463731415,0.3224902741258731,0.31149770284441997,0.30493707130435554,0.45824980178609115,0.6995195590050554,0.8525605113218268,6,7.0
0.8071226357164879,0.1448164757026303,0.325849966629576,0.3326980648969982,0.3250172719624069,0.32176079577494776,0.4960060587216943,0.6200334560443443,0.789313925018939,0.813308415761344,0.13478755370682802,0.3198046770482872,0.332722954494149,0.32278775791012376,0.31970275046295005,0.4968670277571446,0.6300035967399897,0.8003350247313357,0.8465908959207228,0.14577132827716724,0.3010174529374664,0.3229298633261555,0.30902890255006,0.30188338281752547,0.44432135102118075,0.6224519919256211,0.8216860339604515,0.8364556662771676,0.1428142583419795,0.30328117054644044,0.32268757636998113,0.310599884831246,0.30502250415403886,0.4553557980891745,0.6132775671225991,0.8128580076926001,0.8079168284387489,0.14943185622229596,0.31992104395242643,0.3259609359364177,0.3192659951592006,0.3167512254962809,0.4779090873157695,0.6115039728325351,0.795384189984406,0.8250031524789888,0.16172419574711888,0.302784595691124,0.30999190323029435,0.3010641694582942,0.28986180165533193,0.4244698259782223,0.5877928256054207,0.8113277098455568,0.7635059828599378,0.1328984756481798,0.3221370798503877,0.3379286519982673,0.32132059686145187,0.3248550579032561,0.4977183789178759,0.6074873463000822,0.7828880024885178,0.7951643581473976,0.1475045955093469,0.32352169539099784,0.33537323714984774,0.31851982097981796,0.31629610466269714,0.4953157832377328,0.6160363772570165,0.7873646357632827,0.8015918780119436,0.13557630822396957,0.32621104844656734,0.3316544032620264,0.3208527387307728,0.31651553264752824,0.4875819304933509,0.6070083810875002,0.7927441461385063,0.8008196715841297,0.1606082376084802,0.3295096411016226,0.3341664210628838,0.32543100086141324,0.31787069468791906,0.5022858064351389,0.6243744336702182,0.7923865491049719,0.8033990313610718,0.12971686543871513,0.3264543999994806,0.334926802754633,0.32486444358183036,0.3212419823382726,0.5010651304683346,0.6345515254633711,0.7875511043745536,0.7805542860182744,0.1488837390233189,0.3251170103019636,0.3352442472614434,0.32643848949208193,0.3214172656115559,0.5106340050551257,0.6247721160377139,0.7839394833617865,0.7790502287834171,0.15408084300668495,0.3295956679272725,0.335347541915558,0.3294425075556861,0.3268553168153505,0.5205088188810859,0.6209267922231667,0.786738155720273,0.8052735383168288,0.15711321724538221,0.31654874813118933,0.3271952785544376,0.3194551742705939,0.3164020026843073,0.47551772956492616,0.6103365543848228,0.80240557863282,0.8216140040979889,0.14523668026046,0.3130434599204889,0.3244286195411284,0.316528023816554,0.3130884519620882,0.4769738156857972,0.6248308906458647,0.8087521601856371,0.8394686103833531,0.13660503079435615,0.29530189894298137,0.3128785282445789,0.3049867116792801,0.30004686467968844,0.42774951543274736,0.5908312192531145,0.8195100446282356,0.8237800602123031,0.1563594579417125,0.30368548473169465,0.3215577450544037,0.31428067857030473,0.3068639086208644,0.4517908056192294,0.5983205568094372,0.8027806167641194,7,3.0
0.8147713323993252,0.13074675719242404,0.33060416801557646,0.3422144486284127,0.32467451184678786,0.31796773958575836,0.44339652138094754,0.652561184312604,0.7875808846127251,0.812432343538633,0.14731246053720215,0.33272284904505295,0.33765689885106837,0.32697986047335514,0.3199269991488436,0.4205119734453262,0.6325695589495826,0.7754063436945176,0.8305894134348465,0.12942546285510165,0.3214387231951494,0.33622748234685673,0.32269812759637,0.3108802791540951,0.4486619332547582,0.6547316921348064,0.7661997530330273,0.8411008205221584,0.11857025483007651,0.32634179129104207,0.3371883485614462,0.32579715163645945,0.31783769039033116,0.4412747738397597,0.6735497909122877,0.7691072186224044,0.8585976007096667,0.14189160553749505,0.32099149947525085,0.3279332852474735,0.32050513553591675,0.30915503158793495,0.42811341829334804,0.6746832324816918,0.7751923306827163,0.8515174776402815,0.1693278722614053,0.33513538771388723,0.33218861887688467,0.3222866100953504,0.30790715077249003,0.4315483456483876,0.7037190704820305,0.7899061380922798,0.8296325687311339,0.13358210704163767,0.3330576568475572,0.33511581134275265,0.326837063982126,0.3229252310356332,0.4756686795119486,0.6859083580592935,0.7849831242771724,0.8661779199354871,0.13114471330076938,0.32880576684470886,0.3364390354060543,0.3227122747668884,0.31807349756949893,0.4357675173578824,0.6907437660354012,0.7726013538882257,0.8038813033780614,0.14630556458437796,0.3305348043160688,0.33939440534963333,0.32898077412911503,0.3215072167668359,0.4924197429485272,0.6868561683119242,0.7936928759762604,0.8000564797724452,0.15838481107747876,0.34168492119160065,0.3413766640691506,0.32877970608106405,0.327151694297661,0.5128620580506235,0.6869514820201548,0.768001612752396,0.794130777633694,0.13432517136714964,0.333448735331668,0.337916893866987,0.3312957683469975,0.3306370462701999,0.5488158181656305,0.6720402082916956,0.7743221951988758,0.789236816225212,0.1254390372998193,0.3271136424633098,0.3380983055010428,0.32770073748398654,0.32797457563263854,0.5326435191387238,0.6675062845818184,0.7761505125647147,0.82013070646227,0.13526061524453395,0.33652581846084273,0.34066704451925667,0.32892686466692955,0.32026482464600337,0.48090221683180556,0.6747277316145416,0.7711914589886368,0.8658825301942616,0.14760910267896551,0.33240485883613213,0.3365598912527424,0.3257514244182429,0.31426341183112505,0.44003821583062785,0.6763453043231908,0.7723815467580327,0.8060919371091894,0.16286138666469516,0.32832441649438265,0.3338085651511043,0.32154215787490903,0.31170628695236985,0.4362987592772708,0.6547358675375259,0.783010500756448,0.7832616795485774,0.15050906895154353,0.3302809852616941,0.33108256116421136,0.3182049060745394,0.30261026481427183,0.4788015318148436,0.727453848659331,0.7948480151560904,0.8532365287255377,0.15059096999389576,0.33146468946187946,0.330664418462606,0.31924974700260267,0.3091586249197569,0.4440240974553564,0.6974688141237567,0.7941300285382369,8,4.0
0.8082042205983442,0.1527602836928019,0.32578148716080557,0.3336901821392623,0.3236339727327985,0.3170434468195039,0.4916427624961987,0.6462619204872355,0.7793283416009948,0.7762984676783957,0.13542922887325284,0.33487730218896766,0.34088360929744066,0.3296153804292582,0.33360901300966034,0.5558042838887465,0.6251321463910626,0.7465685075353948,0.7883833186553473,0.15182166879746448,0.32603550179463225,0.3362426311470124,0.32861701519566167,0.3263173892842784,0.5366576060335891,0.6473837574243287,0.7754373531508325,0.7708596876711811,0.13140917520260884,0.3287647331779501,0.33938953785549153,0.3289456921084207,0.3281842998987497,0.5409566343910156,0.619488698881846,0.7476704189034858,0.8250799646523143,0.1437432789805984,0.3079780529303477,0.3146299363401914,0.30720130475180324,0.3039606787308373,0.4349918870272882,0.6214543694545888,0.7784282469663405,0.7913429142034647,0.12149587825387499,0.32284146763416044,0.3379357856083527,0.32914818973601623,0.3271548071361018,0.5177854570281681,0.6000673580947122,0.7315538273213226,0.7610072573993444,0.12483025778635089,0.32012319721277976,0.3351602127878123,0.32728767767988165,0.331356730535635,0.5407837450699369,0.6242005713854037,0.7511615388602113,0.7731181974666854,0.12279887299659326,0.32604921881630794,0.3384356844175961,0.33111792609697427,0.3322631604424526,0.5378961807697467,0.6102964644609443,0.7458764793620493,0.7928160047807059,0.13852383276939279,0.32996370465117536,0.33912378973570234,0.32802474315697705,0.32527648040470847,0.5291604932311762,0.64029116225088,0.7773510092467654,0.7790994515157417,0.12194531924051123,0.3341384604358906,0.34116847505886005,0.3324870048953966,0.33685668278748543,0.5456627831635281,0.6100417875713819,0.7428637299338339,0.7643814409518251,0.14469562263394087,0.33277425297267255,0.340690406778856,0.3305662776665072,0.3259595653823906,0.534796359480323,0.6251075279655717,0.7643956906338325,0.7657170736882716,0.1289074051762847,0.33077404369489316,0.3363633097326756,0.32968140940304363,0.3315629101819755,0.5443808077258109,0.6293470220558279,0.7550646159238912,0.7627213096760584,0.13755818519744054,0.33514492102736576,0.34164107294790863,0.32994710417534856,0.3305164089147652,0.5268086756696101,0.6199334816163816,0.7545444063682546,0.8076347400488345,0.1366948740134796,0.31112936123853674,0.3256023546602325,0.3177508915840279,0.31262360119899935,0.4786915074676728,0.6288391353154476,0.7617928358859247,0.7799494253294221,0.13512242574825364,0.3142426191588317,0.3294728931972602,0.32405242412825946,0.32033794299234214,0.5134523457680996,0.6334519835972929,0.7563975709471891,0.7955131431116799,0.12490917752730665,0.30538135628191027,0.3242319272208838,0.31680285232811367,0.3161654178208723,0.495154531503998,0.6371455734692809,0.7584352286403825,0.8423500779938998,0.14566051085924686,0.304390494724736,0.3132012587396509,0.3029242410002287,0.29360223401340585,0.42487405106181747,0.6185119517341032,0.778232375442493,9,9.0
0.7729638062862265,0.14666331503388413,0.3315333335060095,0.3390770535827978,0.3322084433659986,0.3313212757335142,0.5498709905575874,0.6540775531316857,0.772558905416185,0.7738354983585564,0.14678499819655422,0.33117462100978584,0.33562096721605916,0.3219696991472708,0.31616670451613343,0.4626024660328278,0.5875147715592879,0.7850251249643326,0.7846866028120617,0.14424945991948995,0.3313727131861886,0.3378267946227735,0.3268823601068829,0.32538032351444746,0.5121385463443145,0.6411703817573339,0.7810724762371095,0.7812052597705872,0.15442607974769162,0.3245324471174024,0.3351606651205036,0.32317144391340313,0.31978392760248864,0.47934785647683203,0.612229163473403,0.7846638423407664,0.7884823260030722,0.14164652002358963,0.3286908614174451,0.335532512008916,0.3275389268153627,0.32741197386089865,0.5177851839103956,0.6574292219556738,0.7844693121154698,0.7661805003400042,0.15400977581141137,0.3198522903551019,0.3362104962167539,0.3286540657010485,0.32285648044113446,0.5185983143724959,0.639250051543266,0.7654071888668448,0.7727888912353035,0.13838143563773994,0.3289572563673622,0.33791647014759413,0.3294727373473763,0.3277588258786409,0.5338050748852103,0.6566346312313314,0.7719332648709919,0.7707562740048967,0.1491828241981828,0.3342687846288175,0.3391586727142565,0.32941778622808654,0.3274937596590822,0.532512056969059,0.6380755869922538,0.7783355084382513,0.7771356829979984,0.1549363916514784,0.339042152034933,0.34020422729027555,0.32939564183621967,0.33115826856037217,0.5474163415921257,0.6589153533544844,0.7798074626082704,0.7660022470763873,0.1432214364822044,0.3216543014852131,0.3366794626718066,0.3247105646874791,0.3177762943148903,0.4613602993915124,0.5835754531501083,0.7845606919481024,0.7599434905621401,0.14078147252977918,0.329232398663236,0.3346031863935702,0.32828134771696954,0.32488180420529567,0.5099072593865073,0.6207210966506018,0.771349078582678,0.7284293132574774,0.1443571697840932,0.31815797228561626,0.3321447368299991,0.32187566384325955,0.3170533326530767,0.44947513618610707,0.5723889823073602,0.7707487884935704,0.7820512104826175,0.14096548185999866,0.3319907982249868,0.3405689475487107,0.3304865749413297,0.32750312944984944,0.5346724137596643,0.6522871628895219,0.7778105402829452,0.7472914956375732,0.15355922438906838,0.3321340170304983,0.3394161726869758,0.32736193406972686,0.3258730068189052,0.5202910614888453,0.625886492730267,0.7605052772538122,0.8029706689706584,0.14311082881398254,0.32188237586117757,0.3307870489821409,0.3226384479058131,0.3145296405611408,0.48092445465400313,0.6385284185683118,0.7774671748816208,0.824081658858766,0.14737661365431223,0.3214011580588329,0.33328970691851556,0.32036907000163156,0.3142825208207759,0.4682771763359271,0.6208285218077458,0.7961967251461702,0.7778544780041105,0.144298829183783,0.33222088687327184,0.3353196848296953,0.3252826991835224,0.320592548769877,0.5200509521170916,0.6598487676991918,0.7578780759485125,10,3.0
0.7857515271012578,0.1450039454834081,0.3294309052450212,0.3395342559650767,0.3297499694036056,0.3253711910454084,0.5446204882552895,0.6478658982358457,0.7817563038084645,0.7875818052885766,0.1564444419277417,0.32902071362190866,0.3345184341168753,0.32379686746237946,0.3232547689840229,0.522194579840809,0.6527038176386266,0.7687150355119383,0.7814427308875801,0.13820281812335447,0.3267860909685175,0.33658414438551065,0.3286805999817107,0.32835118073370523,0.5445375851055237,0.649223332766073,0.7729826952007519,0.804739296704208,0.14824162778289424,0.33334655060498253,0.3386877973829508,0.3249163161581426,0.3219511386351978,0.49461110916114703,0.646177935617985,0.7863490632742302,0.8182470006441473,0.14563061266647467,0.316063155416973,0.32904788774542904,0.3219532624851615,0.31448416155185493,0.4861256171263286,0.6459132829345794,0.7713866669864451,0.7908877621100279,0.14989930054024703,0.3236177202533733,0.3358067492755853,0.3267780012423082,0.3262892294587331,0.5222392345625635,0.6444870863553301,0.7748663084286375,0.7809005375686071,0.15643100416309316,0.32797188140812417,0.3393162596981252,0.3306382085765809,0.3281998808712394,0.5366559493797541,0.634127631769768,0.7726624072721812,0.774688765711032,0.14405819609524093,0.32856091956240896,0.34094962381765404,0.32995770474052905,0.32786604735520075,0.5384420280304522,0.6350298237335259,0.7715899952526548,0.7863595289204979,0.1573867620281899,0.3302435545352998,0.33950316456065044,0.32811070861407476,0.3303656432671389,0.5491166366506885,0.6504629289870324,0.7785781255861192,0.7863916075683665,0.16215721132961675,0.3361992873226755,0.34204366461164976,0.33063283438348096,0.32913883226075563,0.5553265448349356,0.6480798679451456,0.7917393723263115,0.7253573436994115,0.14434063657163101,0.3327905323262682,0.3398819818153279,0.32879476855188183,0.32824070254879256,0.5317220232594332,0.6422260238510927,0.7397044386994747,0.7676989542431577,0.1559768673418134,0.32769345988346826,0.3358028356600889,0.3278064894957037,0.32630434873869296,0.5409216456174586,0.6418627281459114,0.7711741677035693,0.7972224840571644,0.14872510575112585,0.32054689786578366,0.3347357406542721,0.3269294205477801,0.3227119828574996,0.5044075216399446,0.6375872535232103,0.7754504197611054,0.7770530856573638,0.14687670148354712,0.329983967803486,0.3387501036232551,0.32685732142648516,0.3279647493195615,0.5316206428505139,0.6324684505446434,0.7669587222440921,0.8071550145964477,0.14319909376581944,0.321479529183754,0.3349488406299173,0.32210251827240927,0.31872991348121943,0.4957844267260942,0.633511465749571,0.7748924054105332,0.8575396900781665,0.1388447755586497,0.3142032621416016,0.32788822574612714,0.3182708769749276,0.3062865988783294,0.4441289041363414,0.6207370603032379,0.7966000380244226,0.8139810361321779,0.1295156654160253,0.321332288168965,0.3339507712680126,0.3230324596187943,0.3161611882546529,0.49256272798076056,0.6482391693608252,0.7806673934319486,11,6.0
0.8414358510910205,0.13105866244600015,0.31494510665887643,0.32570562725136143,0.3116181351108571,0.29876940213396513,0.4434589869007741,0.6807593704510349,0.8132664255469191,0.8350226926171949,0.15008034060453446,0.29861939744856825,0.31244116095531144,0.29456179310245306,0.283761265127558,0.396171650686308,0.7070683654014326,0.7981876880723555,0.7865312507207037,0.1171489836910003,0.28778827225680975,0.3103770992894783,0.29569735428062227,0.2806909703430039,0.41353763428975,0.7016575695429722,0.7935619172493712,0.6833116466809005,0.10288086164835787,0.27572962990808264,0.3020334582958954,0.29211430036494074,0.2788074568681068,0.41329408556459557,0.6417965452725144,0.5987606655129815,0.7654227093548459,0.11754280761561477,0.2846776856740979,0.3160076086952167,0.30460804020968485,0.300108494222655,0.46670633481301704,0.6287791597486376,0.6362649388469296,0.8444687158420489,0.14844456245683316,0.3032178484457928,0.3090255781541908,0.2894125403596534,0.2750459925728625,0.38917126627953746,0.6928634521559093,0.7878301691231705,0.8525722990740174,0.15647301403768718,0.3093744396243295,0.31052754741227895,0.29868743741534715,0.28961285829023997,0.4325966197189851,0.6901698012369955,0.7943663772020197,0.8410359157891046,0.1338025909836771,0.2925348005957646,0.30792676678956515,0.2987796242378253,0.2902695698610627,0.4504354367639667,0.6858152091618211,0.8041874222385588,0.8174375497725144,0.11971398229110942,0.3067858646961436,0.32668513437142505,0.31591273433215294,0.31020032678985127,0.5060125355047753,0.6677259179408862,0.7794267007200123,0.7916211590701387,0.09556958292128247,0.288833235987654,0.32756078122144616,0.3218236613788921,0.31794175921601175,0.5309285652013496,0.6012275249947584,0.6879982391721339,0.8608922926595912,0.1413077244177993,0.29929972779196345,0.30350859615119635,0.28947194128438575,0.2907061840826256,0.46582073246294636,0.678188348760732,0.7761453323299314,0.8603453559623698,0.13218886860409698,0.28793176037691165,0.30228129514529134,0.28846683513164806,0.28451022419742916,0.434268670237733,0.6812084735285611,0.7976257289789307,0.8576764266074345,0.1459781351663184,0.3115331182944637,0.31516393402947407,0.29855617811589036,0.2919886316477017,0.443818723986014,0.6914357419199116,0.7842151050478819,0.8471098697063499,0.13533835419100654,0.29625826352669266,0.3078871142426507,0.2981642758025798,0.28786286414841944,0.4515021499456091,0.6826754910101849,0.8096990615980744,0.8247142515244822,0.14191716289483053,0.29483695435981977,0.30481333784520837,0.291049768131763,0.27597718239263275,0.36442462382163643,0.7189366710651779,0.8042369841171845,0.734274581095644,0.1238264491171281,0.28963941896031636,0.3148331266244507,0.30374602732119665,0.29382373417634466,0.44027236917738255,0.6857002628929485,0.7056089313596385,0.8514410840396468,0.15795669823236144,0.3067836369067853,0.3085447775423551,0.29324309797911274,0.2751543022296615,0.3983422811111952,0.7022894007545575,0.7907649578824184,13,3.0
0.7869766816606011,0.1154306537615721,0.3122310461542184,0.33192291376209976,0.32180174225592195,0.3166391924593061,0.5052972649208513,0.6836501342550867,0.7401218947935673,0.7995923207495313,0.12659514098739488,0.3107938974979309,0.3301001918112282,0.31948783049961815,0.31417852680298347,0.5050787269736872,0.6890695133513897,0.7571681039278186,0.8337200163695728,0.13185708688872874,0.288671215590195,0.3064518719334994,0.2886968444759514,0.2683640790804231,0.36864939933390195,0.7006030624910854,0.7801517936252942,0.8293811221871926,0.14270959639760333,0.310291203036747,0.31948125415732326,0.29844934000118306,0.2784151560585847,0.37680348688422144,0.7013379197618795,0.7848518802555162,0.8202439459598194,0.13482416486510812,0.3156599746434615,0.32526743776975886,0.3128129149216309,0.30893381671359443,0.48286070200392,0.6965182589505009,0.7865953961944088,0.7975884247846771,0.13023005505586713,0.3227995538736263,0.33420003026693285,0.3235874026476234,0.321357534133645,0.5304615700117253,0.6973273068880566,0.778083343812439,0.7883794700598054,0.13575228640055786,0.3323539983582655,0.33973080961341623,0.3291240065158006,0.3331638389129174,0.5681033018805871,0.6784197096034086,0.7694646764332183,0.791747322929779,0.13433345209892628,0.3359689030816896,0.3387811644169475,0.3310474192163787,0.3325783249369084,0.5731100087452603,0.6745947578739555,0.7670085018993372,0.7950448584262422,0.09614190694268634,0.3058928782278183,0.3321144512370526,0.32614164818637487,0.3265117773864735,0.5672274922725322,0.6833104089140044,0.7562271530634016,0.7923099297246555,0.09269497174056354,0.30366353994427026,0.3311168424767218,0.3264071099694455,0.32455305307968696,0.5666582367712114,0.6729879531813413,0.7201187980086203,0.7832444339602469,0.1537986205021143,0.3341815527305412,0.3419741823467413,0.3316956777647573,0.3307553439040226,0.5723915551210612,0.6751973500639659,0.7753945974395208,0.7808191224442886,0.15843301794901904,0.3343899390938069,0.33884047450400545,0.3312609080340804,0.3272472577586652,0.5556248912301285,0.6678389336769126,0.7728986377221477,0.7910465911660126,0.13764207225263722,0.32690614813268576,0.33709664262483724,0.32778206231519585,0.32640949676761977,0.5475812367440736,0.6767088947313272,0.7690265806973821,0.7935595426347948,0.14254249415716647,0.33354099904102424,0.3398540671540288,0.33114168720988646,0.33148627210621734,0.5732341575633597,0.6718250397824856,0.773058498686737,0.8407606945745812,0.1297576427470342,0.32193770218419504,0.32723337307170003,0.3148931104513319,0.3048912702807357,0.4451206817007652,0.6850945894921023,0.7734127535954731,0.8532628590217562,0.12424534341222483,0.30419518016650227,0.31777412272070377,0.3022209964633049,0.2810037977322773,0.3694011403744294,0.7064472315967952,0.774491862217909,0.78939199132111,0.12752929465288804,0.3266519811050818,0.33678921891235275,0.32804001979182584,0.3224427282726517,0.5527197599866585,0.698549809499924,0.7735817604408479,15,8.0
0.8002853835344667,0.12520912133350837,0.31749710802259046,0.3317516690498081,0.32134120282023615,0.31602538645535205,0.4936244770076537,0.6549388295128589,0.6757700714968565,0.8301361903365543,0.13628929578998558,0.31448483678433686,0.3304261724889376,0.32162424784704896,0.31543901939309815,0.48156738935955984,0.6813365856619208,0.8235936880476018,0.8433567548613179,0.1388697126848118,0.3207674218004638,0.3328392450609956,0.3207860275782337,0.31156569439216036,0.45198147757108564,0.7065936828317123,0.7758121538510566,0.8400703374064397,0.15318539854342153,0.3250921377048495,0.3348061400522101,0.32011892797889213,0.31246235607120654,0.4636681657904097,0.7068588629941659,0.7886011793455453,0.81942802455973,0.13765973871077175,0.32492398443706794,0.3324048027219133,0.32253614527757557,0.3133567495541653,0.48101821854044813,0.6821482281257002,0.776623450462577,0.8154362623218646,0.14446419291140317,0.3196168509289444,0.3283635545174449,0.3190512937313042,0.31005041787242216,0.4805363985406094,0.688885138024617,0.794839325412189,0.776917042184609,0.13172718444842088,0.32706537668983326,0.33602271067268935,0.3297365094274194,0.3209474670500746,0.5445921148821118,0.6711180895645484,0.7836032310341196,0.7755115976687814,0.14645471856428943,0.3373625246372973,0.3423894098839804,0.32945948216625737,0.3341343633406906,0.5589296280517334,0.6717278583810302,0.7850171690870204,0.7956493386393229,0.13706404946822154,0.3315492544290051,0.3379766855723232,0.3271470032374124,0.32677437293378014,0.5001148560479256,0.6661897337119089,0.7903679676564771,0.8112003628465485,0.13135540035793733,0.3173115401672114,0.33084228395580784,0.32560122433131794,0.3212331846811375,0.510282259633291,0.6744505254142394,0.8234897809929022,0.840016250992082,0.12647529711766808,0.3183679424642606,0.3341778121413474,0.32518557898130684,0.3230238144097733,0.5314190917899096,0.670275290240892,0.8531209877571624,0.8010023040307732,0.11688548360405505,0.3214178048086708,0.33521761221037016,0.327688842621919,0.3215294569753751,0.5004962763127393,0.6796693351282788,0.8069335785848503,0.7739314322120576,0.14966356926209987,0.33253991760962953,0.33804845042171033,0.32817907290152176,0.32503480981580146,0.541602961518721,0.6618059290343153,0.7733542445333959,0.7980601450298263,0.13029853159224525,0.3249747447962245,0.3353485418691944,0.3265462124847587,0.32477433969749375,0.5242409962503373,0.6701899524089044,0.8176907670570258,0.8058093903824475,0.1204637650226884,0.3202282325301625,0.33213067808424057,0.3209710297218022,0.31503746982596814,0.4815548432350616,0.7052375309305661,0.8106417034563809,0.8047470477510204,0.13471602007571462,0.3151984017472008,0.33394710037939496,0.3250604253462729,0.3196885378541652,0.49546232843319166,0.6944478814171211,0.8106770411180821,0.8150729357262261,0.12132300728524226,0.3113043401998204,0.32342303127539274,0.3160740298270829,0.31330680197551136,0.49794202915507507,0.6957423103951987,0.8342610189462486,16,5.0
0.8145256304342375,0.15634128849774193,0.3233622439616331,0.33084481461696136,0.3184665274655278,0.30705271358791564,0.3529146016562446,0.6146983865461034,0.8173550858405402,0.8128633470299855,0.1283267690589744,0.32178881535912884,0.3321534746344891,0.32242716871354943,0.3102481037737635,0.3949329729728821,0.6633686606109995,0.8236638971749249,0.861163184749479,0.14538924988983157,0.31966088567772477,0.32277249641391503,0.311516116710617,0.30163991753814895,0.43173360269963273,0.6987641836830643,0.7748223972753496,0.8357411617833236,0.15838973088834368,0.32217357544262043,0.32596514864048604,0.3149017095470049,0.2961397961515636,0.4096142702859167,0.7144461259116002,0.8292431518514937,0.8343190703752258,0.13697728516658053,0.3207352743900958,0.33356328620026165,0.32187374159275933,0.3089756397421655,0.4030035610285036,0.6838792629219216,0.8129512325598144,0.8151326507750248,0.15574968943599024,0.33196826717601985,0.33779834587693525,0.3257606709323339,0.31965018138420837,0.45790143481611384,0.6612345447453967,0.7730965333458047,0.792862740611765,0.13327997179320086,0.3273742615903742,0.3379043266833352,0.3276686939020309,0.3237027799618049,0.5080524034548485,0.6821884358274249,0.7787793545116987,0.7839625456824496,0.15173261286367806,0.33657041703021084,0.3404609118744557,0.33292363940170366,0.334041041327207,0.5706093704060408,0.6711714902730131,0.7799655288088252,0.85530524672202,0.13605455646453005,0.316909772823947,0.33376995118494435,0.3191294878888842,0.30446447243134606,0.35926686403563873,0.634799214056448,0.7803376415146017,0.7815608338250983,0.12957557575281192,0.32072273307532395,0.33852901470606855,0.32676868342282284,0.322869759589616,0.5276631827121158,0.7006461255306233,0.79618871984775,0.8449521269297533,0.14301836025596018,0.3237301712951896,0.3297571202037166,0.3202951591444248,0.3100071286639115,0.4344531449317743,0.6823879380715301,0.7697152594554681,0.8377110921401968,0.15263744862824158,0.3289807472205724,0.3338682316050958,0.3196754138819973,0.31485062217924403,0.4584664858940499,0.67584428935833,0.7689192518457402,0.8202178798692376,0.13994122005612103,0.32196264731594176,0.333538242750377,0.32621467385087166,0.3184212214673865,0.4497873399862865,0.6854879112705509,0.7758566712907926,0.787031582632255,0.14749858461465243,0.3351824119755581,0.3404729499390993,0.3313682861939868,0.3342696761523025,0.5612453558017512,0.6691458646463715,0.7852217391093443,0.856173037931024,0.15009738197164305,0.33431141893097877,0.3356630372057586,0.32083108248790193,0.30915779684777717,0.38201060861647324,0.6351436731616202,0.7709771986253279,0.8810053695076953,0.12920435456755366,0.3223732197931568,0.3318815166039674,0.3195291591225978,0.3085745987070987,0.4012504580442206,0.7094908071418983,0.7767718970852853,0.8083930503837186,0.14474926263116453,0.30235189128468865,0.3133093400758309,0.3037153776445865,0.29994957706352576,0.40943466096560766,0.7150545847959514,0.8035750448181503,18,5.0
0.7808342300975993,0.1609273901179159,0.3385420152947811,0.3360878947068221,0.33128666189022327,0.32734280959248807,0.5533111309858507,0.6867272912918134,0.7818352022006085,0.7660908340627778,0.1393956508788107,0.3301839388120647,0.3402156361661999,0.32864709921135704,0.3333299954088661,0.5737854663851718,0.66163907525768,0.7736621860220956,0.7843352987625882,0.13904904256025216,0.3361578924177781,0.3408833408308464,0.3314751409967434,0.33051023132843005,0.5778270518007638,0.6883423549839232,0.7861057459106391,0.7666987854753544,0.14995595843486276,0.33270776050286044,0.34313017242619037,0.3318172755911102,0.3317748260404276,0.5585027985073505,0.6527720735972451,0.7741661626679393,0.8867195026100324,0.1342307755826595,0.3256829022802387,0.33684306611806436,0.33009827346487325,0.3285258752734713,0.5735288525891279,0.6957602388808818,0.8775104611217633,0.7894591265420562,0.14645798382004396,0.3381476918707891,0.3424764263215432,0.33105514423310467,0.33155806307718316,0.5647258561741594,0.6987834531561803,0.7975415489326135,0.7929022959316838,0.13588768089731793,0.3312049215228055,0.33901587941388484,0.33144668517079307,0.33331614341095395,0.5642682140019474,0.6843938497430969,0.8024307066778429,0.7881699811703109,0.14750689255006935,0.33738576718343577,0.340002220171967,0.3311887619491807,0.3278145834559873,0.5536185659519048,0.6774256952558705,0.7755427130907002,0.7922183129077633,0.14201370712156347,0.32602509557587284,0.3381043825459667,0.3313659494464187,0.3306377731212722,0.5581910982178012,0.6590553620449481,0.7734110851498159,0.7582323349170824,0.12730614790446382,0.3333201026557361,0.3378050105126959,0.3303595980200502,0.33316861893219035,0.5687609310944179,0.6473136924727805,0.7673251304557616,0.8021874012023595,0.12634247551567257,0.32855893158101424,0.3346090123104299,0.3278944144280988,0.32731202451185626,0.53733125069544,0.6750579586138415,0.7835711433012754,0.7690387932948792,0.1602611976082782,0.3356361918570161,0.34138208395801206,0.3304539533437163,0.33208785862732626,0.5543299812225533,0.6617605400219458,0.7795694954448122,0.7915485639887695,0.14213138586025176,0.3336086283118102,0.3356418999303385,0.32870155444814975,0.33137206276807435,0.5574833050636123,0.7003227863177798,0.803605786109608,0.7912165100899681,0.11890815714776462,0.33205139149712143,0.33700804646912447,0.33049710464199894,0.3262693904321473,0.5340593201885153,0.6760838164945285,0.7644646765058257,0.7814291716656705,0.14062869080397708,0.33780353111106715,0.3389777117597935,0.3331328822724442,0.33196045165556926,0.5670706467023175,0.6953712404838139,0.7833411587284869,0.7841297607317048,0.15586997242412132,0.34580711074684234,0.3436819765539313,0.3316866101530239,0.3328334489928157,0.5695243258048781,0.6998270761714119,0.7711033127805939,0.8179359210525443,0.14026778979500457,0.3331197335777241,0.33706808170391,0.3299956673091826,0.3257165316571963,0.5617590673422417,0.7136049889195477,0.8483462005422372,19,8.0
0.8289663036432118,0.14415711394339686,0.3019173926665448,0.3111826164820041,0.3111831001313749,0.3003449193384626,0.4768671692598424,0.705442549201882,0.7981378279264416,0.7414017676908725,0.1477128597378135,0.30997619441085544,0.3178754711594234,0.3158935746535044,0.29688866354751425,0.39602479014009717,0.6882323335882942,0.6535901306970113,0.8298530086072583,0.17180842800347695,0.29673695580933745,0.29846201327565747,0.3028104211613542,0.29482861553755174,0.45746227915510884,0.7297620844385497,0.7988845340678388,0.7954055427480708,0.1507866098135323,0.3032273575030572,0.3073949815656778,0.30095816292570005,0.2886514725139074,0.45147586596725275,0.7407558722134608,0.7928574863018256,0.7658797443545166,0.1367415351914868,0.270544858948191,0.2821122713450914,0.28868192226032163,0.28619191361441765,0.4452025568847953,0.7390134879684757,0.7969010996619121,0.7303563431721019,0.15594577038821053,0.25594864939689005,0.25974104916233604,0.27304341854932385,0.28255485343819436,0.4509494364261598,0.7382778254560635,0.7943371527798485,0.8367663287729108,0.1442457084981065,0.28354417461315545,0.28635045116769536,0.2924245214502557,0.295905656029921,0.4472895268966739,0.7196479678444129,0.7970227440596914,0.8532234853080863,0.14207008921376152,0.2791541793003572,0.29583519285082455,0.2974391196930793,0.2987454625768526,0.460833140745121,0.7180396434735979,0.7928586346675915,0.8435896749073658,0.13952741832430052,0.31400653313962373,0.31826785267974456,0.31894457254555125,0.3107480172078609,0.4780153662766635,0.6854595956346347,0.8070843169884422,0.8162389157334596,0.14019524991778928,0.30353841967285705,0.30954968451007014,0.31133872439533183,0.29974564699771755,0.4294355632034179,0.7033802969631379,0.7703589452360862,0.8326225066853964,0.13777568755984526,0.3121580486154007,0.3220430124912346,0.32305236358735234,0.3165881757531076,0.5042460463207431,0.6967460462797995,0.7873380146350222,0.8438181656094024,0.1576577294797904,0.29284551308835194,0.2981277257982146,0.29112223078886595,0.2790606506575451,0.4311435959829193,0.7111389331318193,0.7769764384398827,0.8904429869313282,0.15260300588569362,0.3082642606443655,0.3185852343495017,0.3142821016046295,0.3037746275233656,0.42691536801945357,0.6830722912110253,0.7732685801781503,0.7927686205592183,0.13955896170781312,0.26767214890224555,0.28012416177635086,0.28561830599660815,0.28494458654774424,0.4681483132506666,0.7166660731432278,0.7863241312844983,0.7707935337805205,0.1373507300412113,0.29731381019197023,0.3033305386159482,0.31038147120182785,0.30207834411483353,0.5033757458271526,0.6990357357059062,0.8012393590678892,0.8185182338108128,0.15582173471846059,0.30920219375828245,0.31566109965644135,0.31245852778570826,0.30161600583410186,0.4757141875497894,0.747554330828911,0.7975690748891533,0.7406686555713853,0.14658555714510102,0.25162494461322715,0.2552133841412423,0.26255670440611933,0.2807402884237464,0.4420434581806355,0.7278268957148292,0.7853682418376319,20,7.0
0.7974171965495772,0.11871778473844301,0.2967995483563432,0.3189294343142449,0.31219734465831644,0.3007359880914255,0.44535207943223065,0.687337616924969,0.7462091194905635,0.7156076141044848,0.11691381626650095,0.2848233973386341,0.3010520589768261,0.2937053585981233,0.28472887865104307,0.3778009559770924,0.6838778970501416,0.6006261503704309,0.8359995579077164,0.14040812587129697,0.30956923199459024,0.3202689569688279,0.30924279031425217,0.2972472124729233,0.4002633618243953,0.706064616297051,0.7806117381751088,0.7977429851098422,0.1470735376996229,0.30748838351548885,0.31236754462429595,0.30204665813086684,0.2916948215042134,0.4056314939681011,0.7126614125055316,0.7759050071530031,0.7658513120654599,0.11870831010760112,0.2763637979247603,0.2846700794878999,0.2811506138269813,0.28361411369392164,0.42016337540143617,0.7157327284174391,0.731991254295239,0.8362766503769983,0.13741658052406697,0.29726523798105003,0.30560724903762065,0.2963138913450081,0.29443936326454984,0.44220197278287987,0.6980327562918311,0.7954647733511988,0.8124937979869008,0.12502079195378876,0.31134419016274345,0.32289648135807886,0.3217384390110712,0.3182299257113043,0.5131353286229657,0.6874568239190273,0.795569784872102,0.7786942079953401,0.14767162626520866,0.33014534904816506,0.3415407047691511,0.33048960408191974,0.33294062039263433,0.5432707558520778,0.6646856557674345,0.7791838387239941,0.8143110166069921,0.14284425980124713,0.32404814640855006,0.3331991001511976,0.32326389765894054,0.3238702633348652,0.5242147224196831,0.6927352747033686,0.7850811538834438,0.7853051567447488,0.12066975827437075,0.30335673371340083,0.32498267206987846,0.31868909708049425,0.31346189931116936,0.4593372371139609,0.6814977509147239,0.7096064510991597,0.8079079337373809,0.13849542107165635,0.3194695710421334,0.3309320656873394,0.3232554342186123,0.31897955012773976,0.48882697342639264,0.6858736422580621,0.7843449469381605,0.8182937465996769,0.14280494246717415,0.32351897559695725,0.3308595185477561,0.321876081713118,0.3215903660350822,0.4925897481694551,0.6833361724300165,0.7708429307610626,0.8168081166065857,0.12123881818689027,0.30534732153460376,0.3269075162821705,0.31911622243119225,0.3128681947846828,0.48604353224900965,0.6967037590633414,0.7991872906569275,0.8331376969189594,0.11435832633064165,0.2984819379177779,0.3146213745644465,0.3063064910282059,0.29449901987944715,0.44964994559286026,0.7015670475675867,0.8010227244266462,0.8061268589550792,0.14835776733498007,0.3132560550200427,0.31754426770127886,0.3006538206046598,0.29052580587051285,0.4203241163761065,0.7316366282536941,0.791356773026677,0.7548542771920909,0.1237988832895326,0.30016642336542043,0.31743918869284155,0.30802783936603734,0.2976502632285828,0.3910596985041305,0.7231096451737196,0.7366426842669443,0.7639416508831369,0.12882718127225623,0.2658946994935945,0.28009228162199323,0.28094049999726306,0.28293746607631637,0.42316741165159794,0.7041273535948287,0.693665037542564,21,6.0
0.7702865360639104,0.10189895961355909,0.28204196268425974,0.3000853499584417,0.2992164088127101,0.30032933449827587,0.48234493775571774,0.6704498308666238,0.6614934777876619,0.8554391138558712,0.11359499237713405,0.2895299294256843,0.3010180138863924,0.30099553168726406,0.29257844967401947,0.42463546689053744,0.6895817597146446,0.7833430084031963,0.7904292141361241,0.12276524994882844,0.28487727075384683,0.29395649278678465,0.2966552461264015,0.2966915410134774,0.4604548444672422,0.6863243949242802,0.7113039735343125,0.8209860521937384,0.12266464182798359,0.27814350472549554,0.3022627860711453,0.2954038465663697,0.2837229180102552,0.42769935111411916,0.6937575965419338,0.7595608231291513,0.7975461593225601,0.11439830498971681,0.23198116998055893,0.24353214748009652,0.2520531881817333,0.26239492612908927,0.37528375031452327,0.6662543086721306,0.8050180886987381,0.7819779056862025,0.11765586506009285,0.2248072737059997,0.24165239952034914,0.2526144767752822,0.2663979673926707,0.39829690984016825,0.6950979874318979,0.7679532659577178,0.8057322137971445,0.12188527755293657,0.29793082173506835,0.3139255956915099,0.3204064398042564,0.316955581779831,0.5055782983663483,0.6595918688801488,0.7754009253003097,0.8078343137359517,0.13497182262965599,0.29638015796780415,0.3095478786072149,0.3114067777293464,0.3076317918144551,0.4939749003831495,0.6829730832611299,0.7744387353824699,0.7737907946394805,0.09394843670353625,0.2952968049999021,0.31773395010980066,0.3204426051511047,0.3222783706050303,0.5445283736671975,0.6540287641412882,0.6779022318215825,0.8148696369643866,0.12548412051783187,0.2994075668178927,0.30687836339256946,0.3117353666175249,0.3109427623297077,0.4934017994122673,0.6800116772138812,0.7869765223658323,0.799565310006019,0.11931725509527077,0.29907351341354843,0.3106442862632305,0.31701476226718445,0.31765315344016176,0.5272030051541088,0.6930820833608663,0.7840985867777287,0.8059263394178341,0.12380459186523131,0.29421127235935696,0.3053756275296661,0.3118017077667083,0.3080063688305015,0.5090994047764721,0.7033239150383805,0.7829727369725797,0.8014860447937968,0.11077648569923376,0.299700277720309,0.3181194063461647,0.3189970106972297,0.31657151887405355,0.5175490808744946,0.6666442799646091,0.7721857472049597,0.8353325598138999,0.1035754079124154,0.27169588783999166,0.2933208917073938,0.29992143210985,0.29131516073720565,0.45542493139707174,0.6966727836100217,0.779597841112231,0.8824595054591886,0.12817578094031742,0.2727777727473498,0.2855692668667229,0.2820965649821538,0.2733614567909513,0.4017693302502602,0.6988287904290971,0.7786511542922601,0.8420954327404139,0.145114492909414,0.27078956832440165,0.2770526078685167,0.2762643766058486,0.27009871271719527,0.3836494592023906,0.6931190487883239,0.7996011628242146,0.7932095541790005,0.1151816243895698,0.22291376332998436,0.23632889857484052,0.24941970193431434,0.2721358229029683,0.4020606571317215,0.6844308287671947,0.7874632711854338,22,7.0
0.7876105217065946,0.12502618908453147,0.3213753750883013,0.33578914288039885,0.32588003526492676,0.3236215034469964,0.4979827517883349,0.6656053510248934,0.7467508324501785,0.7836881888051452,0.10952944611407875,0.30203110391392607,0.3328485642837703,0.3277434701816633,0.32901817981123216,0.5366635363851617,0.6289037333004421,0.6938817374510308,0.822300420372327,0.14090562090050449,0.3214938918667579,0.3312738357357069,0.3246208899080561,0.31511656260258747,0.4321821285120316,0.681183528797599,0.7662101036869751,0.8032439505563327,0.14863233043116086,0.3219770614335951,0.3319536484925687,0.3212459479229717,0.3164603703001396,0.4615641699626255,0.675500739209986,0.7574619847962604,0.7926337376903675,0.11769037486973749,0.31697694411592564,0.3359966990336263,0.32751652071635984,0.32825773019230603,0.5267061084383902,0.6778770245083207,0.7597837314095885,0.788182535148762,0.12943085469798593,0.32946984060013157,0.3399628068511805,0.32616880923176095,0.3207916677891338,0.5121590581614939,0.6807191301601803,0.7535701638851124,0.7634380928224082,0.13894473442156127,0.3293216939878578,0.33882152992029696,0.3294569147772968,0.32935578248010394,0.5344572295995289,0.6437235860894945,0.7757912145010168,0.7792135279642795,0.14217286334906484,0.33486168372941416,0.34097246077356175,0.33168748352617844,0.3317072917526427,0.5511540779557703,0.6627244134507009,0.7694364572388118,0.7903256573259198,0.12957630271238457,0.32644840165643246,0.33959019013453495,0.32824618028828356,0.32802700130114104,0.5407234714671038,0.6779297611429349,0.7702349461251231,0.7949352852755057,0.10830976391191677,0.3079012502058147,0.33344743069182514,0.33058575688973313,0.331689925646763,0.5597518908478034,0.6658312802285048,0.7532688401128189,0.7903965110035819,0.16528824794947963,0.336639032869643,0.34187098014927436,0.3298309387013288,0.33242474634682173,0.5177595704300592,0.6644087947126084,0.7786472990961895,0.787761968119386,0.16886280473799994,0.32961594923862464,0.336262325587658,0.3264352280276868,0.3273983844119501,0.5338969511450227,0.6627307452683833,0.7775138951893584,0.7825948494847291,0.14275174133480498,0.3339392621270367,0.34172488294871867,0.32834412031995014,0.3289481721049186,0.5432572641763393,0.677120030955034,0.7650361852049243,0.780296227188557,0.14967165226637805,0.335592427673954,0.33672315826417576,0.3293383985956449,0.3304554133816456,0.5498282416161129,0.6824903874040857,0.7667459367955326,0.801074338753377,0.13433003117380526,0.3217175283744686,0.33755729210927243,0.3252023642890476,0.31802268580727255,0.4448572054555091,0.6737600659594251,0.7516612453249236,0.8080686656918832,0.13807234336497223,0.31881863041213293,0.33362659766722363,0.321869823101683,0.31263324519269464,0.4038565456961515,0.6685325902675875,0.7572074575565104,0.78813150525028,0.1106345346056632,0.3161240608089025,0.3352113820134507,0.328322279594539,0.3227889458015116,0.5117706040788847,0.6712734164045161,0.7344031326775008,23,6.0
0.797613834655485,0.13908790313812808,0.3233401232046908,0.336889153270541,0.3267250719996261,0.32589860922330705,0.52138093981006,0.670903530104386,0.7868017389677012,0.8021590250887298,0.13343769769313316,0.31581687306536727,0.33189039942119075,0.3247777630276218,0.3215934131339489,0.5236092707857833,0.6727595971451058,0.7842971908655967,0.8008281056624137,0.13042207219911428,0.31324274770821103,0.3338283848077316,0.3241477512595645,0.3203294790093528,0.5224928471099748,0.6593498915721334,0.7755700117355567,0.7954273263213983,0.12749309077469725,0.32304277702585765,0.3356915599826165,0.32649074825208785,0.3245848488224366,0.5196035978966261,0.6655694723892236,0.7768371750854393,0.7889245247842596,0.12673790403116178,0.3238986346215235,0.3378564719929442,0.326830323963999,0.32770430687801355,0.5424362747367626,0.6590057357171234,0.7782869699298223,0.8000596683308936,0.12241162692776544,0.31159331824058223,0.3327554171038976,0.326677399440147,0.32782873218574415,0.5676276269233294,0.6904970006750398,0.7734531146077019,0.7765489489517717,0.12816783893184486,0.327426924152455,0.33865381463807676,0.33116644606520257,0.3279930892261868,0.5532731344304623,0.6503419374203837,0.77840069731402,0.780106749702509,0.12708890062435507,0.33031981920426573,0.338135798568784,0.3312276604703568,0.3328435948253471,0.5601377789261085,0.6535393058593465,0.7771697993395639,0.8138851175564187,0.11296438895083998,0.3091290827360386,0.332282488869867,0.32162288400932776,0.3207637797313755,0.4944709382256107,0.6373012579941488,0.7927869737370304,0.8084735564818628,0.13217512239236495,0.31401734720475627,0.3310441869803107,0.3236974898552741,0.31627234286210854,0.4753489297663109,0.5945537479493671,0.8026222734890239,0.789171041509079,0.14366138717366117,0.3254591311308195,0.33505717705155663,0.32563202664985236,0.32444663697804216,0.5358394581743742,0.6529886437628827,0.7772160985668033,0.7711087984723883,0.14007002242046157,0.3203053130254216,0.3340802135105012,0.3260239022217133,0.32272048434972056,0.5366099782436811,0.6452210358162088,0.7784826703213619,0.7890648161644928,0.13533927551145242,0.33151832527036285,0.3396795098180083,0.3292194063411966,0.3283155419118846,0.5503260577917888,0.6576061507400016,0.7836022973485055,0.7895334441256313,0.12828981870639689,0.3286458253977398,0.3398876242613737,0.3310899774724949,0.33075219302046227,0.5657142308276301,0.6719738504623469,0.7788593875669432,0.7999325165719333,0.11597179672369023,0.315670693355443,0.3320705019428464,0.32373426235756797,0.320974181843851,0.5155012788049217,0.6961055061727953,0.7815612923070144,0.8405380089688136,0.1399596990208952,0.31673643489096587,0.3304558875488597,0.32159811249874104,0.3123817249122509,0.46667376867061533,0.6743974221305575,0.792497007646746,0.8183917035685974,0.12424990096406789,0.30444274437830243,0.3124262370814903,0.30754571883466775,0.3127489218602442,0.5033318868598977,0.6718504037420717,0.7925532461602174,24,9.0
0.7926670182148965,0.14540536082029318,0.3310925669343895,0.3406493343255868,0.32821403751839806,0.32601608092168877,0.5323779423206518,0.6722418245418044,0.7808596531418516,0.8054692053887177,0.14815053582746848,0.32417051133126107,0.3345850716348304,0.3202517795568425,0.3085890696170335,0.447109081464384,0.6853802859531626,0.8148634651259826,0.7862571172616317,0.13618184119587673,0.3277704998980575,0.33520186958380865,0.32659745535955076,0.32066839838591227,0.5218984519512623,0.6737250401575751,0.7669848647714295,0.8109020898922352,0.13258957117912804,0.31844318112772796,0.3305459438225045,0.32106669683719313,0.3137288347897444,0.46169118006789295,0.6861130781738901,0.7668240045948806,0.8485070184953856,0.13746281750053596,0.3121817360894367,0.3229012886898005,0.31030307503431653,0.29078028149266144,0.367253560103745,0.7088170394876958,0.8473357643698131,0.8385390404356596,0.14137855288370338,0.30315334311116426,0.30919493668876297,0.2972527109775111,0.29036823349686647,0.4061926545002559,0.6941999046367469,0.8639383817971023,0.8092133728900929,0.14727881965480977,0.3277027882966211,0.3332189938146564,0.3234996538575812,0.31746959507407974,0.5067869272199986,0.6714398289288067,0.7966862989808435,0.8298180468409102,0.14517844064053892,0.31596009129687214,0.32778512099089474,0.319024946888435,0.3099336580390522,0.46194728990287065,0.6641609109394954,0.8078563139985974,0.7993393376543915,0.15940857748231546,0.3312576163136324,0.3372707179026162,0.33061268025836266,0.32920603259740844,0.5504773570290873,0.6717321675356721,0.7813883730495076,0.8366509664793923,0.15455358329463678,0.32684845621463077,0.3349144027451273,0.32377777405572544,0.3186139676409288,0.5225549693830887,0.6689674131509374,0.8232879667665585,0.7955563963059314,0.15731108064570165,0.33109547248533705,0.33620248103565775,0.32556953557807,0.3247647338901067,0.5287806023634504,0.6806406141857327,0.7843373142719441,0.8077612444965283,0.12450092751588035,0.31850521099555823,0.3320569375632638,0.32264050302946634,0.3165444821441965,0.5077737616040671,0.6765741708223685,0.7837798262657157,0.8081711477401486,0.14684026991678048,0.32173493851177665,0.3323677368533283,0.3221881467241593,0.3166913248886303,0.5011719969152303,0.6754935765180591,0.7874544515708949,0.8490023152697638,0.14364457357828353,0.31488604048490487,0.3264113470622946,0.3139416228702506,0.3056475638357892,0.4471837905437345,0.6768584142321925,0.7806069534136527,0.8561542923860924,0.13794070518091958,0.323632057199032,0.33267981575666333,0.3182730195752443,0.3009360451672252,0.3973800055263552,0.6684236026939607,0.7771778201380996,0.8434779694668633,0.1508852591155221,0.32272197240202644,0.33098769897467994,0.3142760414846679,0.3001182373742022,0.37044362532059316,0.689575415333278,0.7844834086299921,0.8170591033086121,0.14501590850822552,0.30402074801377976,0.3190898572493682,0.30491933463462734,0.2925909530139394,0.37467496629784286,0.7290728926548603,0.8583019729712009,25,8.0
0.7973930945939245,0.16300929776949957,0.3299959796102773,0.3367787533361765,0.32834362522707367,0.3258932395205065,0.5413448664769673,0.662739422726681,0.7900466210337312,0.7889573054397356,0.14710083791061163,0.33372429269771003,0.33912641877534727,0.32959034344916815,0.3308575361661842,0.5492203045927097,0.6620868664054836,0.7811603476737288,0.8025075979404592,0.12605086766829948,0.3211594208709549,0.3296743917881285,0.32446594716855953,0.32150645827901897,0.5210878299246577,0.6667421054006695,0.7779627474850211,0.7967232335865885,0.13743182549929994,0.327130890364149,0.3363575575030651,0.3303249558745198,0.32821271425684134,0.5491287511748246,0.6657353533847372,0.7809363494933143,0.8564000042543569,0.1390113627257155,0.31798541538852265,0.319340675646701,0.30999759910767133,0.29869862764343424,0.46308617016297193,0.6840851047743963,0.7777176855278864,0.8676894141556588,0.14244772440637088,0.3107009326188934,0.3141487034962328,0.3003558802385401,0.28855057451988625,0.4405089723468785,0.6877000810384609,0.7765064112936435,0.7749525861614407,0.11519184161345557,0.31295032933851663,0.33398287842661967,0.32643320872228654,0.31974403192360484,0.5063577450472367,0.6823747984865852,0.7490803187045187,0.7944684819493864,0.13641692860884597,0.33169177891663654,0.3382657876382394,0.3303695933865801,0.3281216118639057,0.5617072675322238,0.6807419676357492,0.773818795122325,0.799218769204119,0.155786655609321,0.3302771617861269,0.33808304138762985,0.33145699809799584,0.3322492067560848,0.557568883217937,0.6646332864215291,0.7811501398274757,0.8085530404474653,0.13664564312885438,0.3267718944836432,0.33724990388985526,0.32999380040918364,0.32602934510412745,0.5454021613503173,0.674032089919605,0.7861079443934876,0.8080912485652475,0.12980774894960503,0.323401919096375,0.3357919648603345,0.32728196131595083,0.32348741533120773,0.5258933637385637,0.6670636726981087,0.780812736360908,0.786557518937075,0.1308449340679317,0.3304985930226114,0.34037878140420635,0.3299030911824891,0.33059187253770156,0.5560233695574229,0.6628665408320523,0.7801541697362614,0.8431528970041717,0.15039825969541668,0.31403355816620254,0.3267922467316579,0.31466919379553865,0.3051905990994426,0.45570984371797546,0.6674798265228928,0.7676549039471487,0.8027724622021127,0.1266946116632471,0.3211980138654417,0.33395906814223947,0.32793567906574683,0.31958372317718753,0.5250975941584372,0.6714191599547504,0.7659110540069861,0.8278861973672175,0.16334651655830487,0.3327833220613535,0.3356510173630467,0.3218408942204761,0.31557235746665474,0.489174665490472,0.6824096274909162,0.7729507038047031,0.8525278924229384,0.14621816342641808,0.3161674803180315,0.32155829266099867,0.309196541924045,0.296989929962731,0.44079528546380364,0.6814947465298539,0.7738382718624965,0.8564552354477674,0.14053738385082717,0.3198875014946719,0.32093785969271543,0.3081650570150592,0.2988126824746623,0.466978576664932,0.6990386021512563,0.7773525388443503,26,0.0
0.7776468775680381,0.14074257578427168,0.33646605297505894,0.33774508272252607,0.3300814863950371,0.33416180317683436,0.5691941024233372,0.6661581478815447,0.7788714690081042,0.7819380928520168,0.1267210241761562,0.32678098423493485,0.33475853828064217,0.325061794713548,0.3280377046992516,0.5305518826526094,0.6628576591103883,0.7761833941852447,0.7807510090469523,0.15615291402190723,0.33762090537885603,0.3393625275258762,0.3281465244803403,0.3337850445508866,0.5787907940212766,0.6722528392155509,0.7762663720980719,0.7645954289799037,0.15390267535256152,0.33380011906440493,0.3360252456814236,0.3268603969815903,0.32848884709356346,0.568798498016631,0.6744833779335336,0.7762600265776983,0.8614863355358648,0.1518875490192363,0.28971796033273456,0.2936077298263047,0.28382019510328355,0.2807836018483957,0.42659103739373416,0.6836676422491389,0.782868657872371,0.845338898511572,0.11583382328668934,0.2683569665597977,0.27790448336406925,0.2712846309034421,0.2790636341995275,0.4277956238664947,0.6855813074880991,0.848781124711047,0.8511272152750018,0.12892577612176231,0.2943171358786479,0.3032063598046198,0.2895151528640697,0.2897163925110962,0.4169056507970475,0.6620167453497369,0.7867374075287756,0.8080873849986653,0.13686978138395275,0.30795107433229546,0.31535898986056216,0.30448928724437596,0.30714907241695605,0.4715922656661516,0.6701639990244378,0.7909030833146656,0.7833570011295694,0.15994398814848407,0.3368696940157233,0.3391945930803481,0.32770391301312174,0.33535658938638985,0.5786334097907573,0.6753534437416537,0.7862070757172334,0.7717209172833444,0.14621297650639156,0.3358815722128959,0.33811027451115866,0.33000380427908155,0.33449424226725183,0.5759161399587075,0.657348347756306,0.7735101392130737,0.7797223486666996,0.13112689040651748,0.3277326486327772,0.33560620028941474,0.32500949891341213,0.3297028676385497,0.5728340703732022,0.6683023737261394,0.7800899454963578,0.7862916423958927,0.14232618736015107,0.32600913786063124,0.32943727407547524,0.31752772887283476,0.3269473556121612,0.5369043969367269,0.6762552690391519,0.7755255373929414,0.8223683085424303,0.14331511513401887,0.3060683875331734,0.3122895347597421,0.2970507235544924,0.30281458187987587,0.46935124806886047,0.6827186830888059,0.7815956089668954,0.849956761592733,0.11955778926892685,0.28414391800333444,0.30060179412584354,0.29479545594316475,0.2981954711345897,0.45409485059426147,0.6644069234225409,0.859010141309937,0.8254597283300078,0.1325529700857748,0.3049756997170724,0.31603617126408545,0.3038010116652218,0.3097256122470617,0.4658135885323444,0.6601554262145461,0.7701092393739987,0.8500106536075455,0.14594005939706883,0.3138887003837878,0.31673190017128505,0.30045619894119446,0.30289317687884615,0.41201695609123135,0.6639488051441946,0.7689150611347243,0.793837439865781,0.11458170363120537,0.22223023695892097,0.2165018888340667,0.20276859844610012,0.21906166103741398,0.35846684409664953,0.6848168686523023,0.7710971322857301,27,1.0
0.7766269316233891,0.13030814401855656,0.2942175869689661,0.3163489537023521,0.3071639804274353,0.30383096216263555,0.46661236965023684,0.6043393733002237,0.7622614289940001,0.791753764276955,0.137932137619328,0.30549915664436195,0.3174064268949235,0.3089741666954667,0.3054718601905041,0.4777744669027065,0.6105314316391219,0.7646179962155518,0.8017623274086719,0.12942628339218426,0.2907253823559829,0.29886135549887577,0.29425667527955834,0.2940184291781742,0.43583577881687907,0.6129694636266003,0.7747840077693156,0.8144594990710465,0.1422790386491245,0.2899027758018932,0.30175570092083176,0.2942978263642104,0.2899684133165852,0.41255400008270865,0.6001804480892255,0.7848356671357233,0.7902137476708813,0.13406665471863707,0.2677005477161431,0.281702979956019,0.27205228553461264,0.26991209406266653,0.4180321587570227,0.5952513300910149,0.7701665912801628,0.7314538359810783,0.13028594168978244,0.2451445234561548,0.2560454024669149,0.2454756398522974,0.24145992663522453,0.3496897442180694,0.5633719269101517,0.7822591874422717,0.7721108993648389,0.15274542778005587,0.3186488356482962,0.32816154494200345,0.3179116697997169,0.3086544025298773,0.4801823382628688,0.6062207454696871,0.7778971622144085,0.8040158511932151,0.12536260752776085,0.28717526188889075,0.30232359039232615,0.2913609611994482,0.28728704254688847,0.44089732091228623,0.5995577483538049,0.7692268923269306,0.7832067839986236,0.14412244756205358,0.30453995837883696,0.3175405017775694,0.31147716395499164,0.3060423289053884,0.46551331933869833,0.5998209713804107,0.7803375036737054,0.7750527545028246,0.15273603261085755,0.31808108528594226,0.32726134398800544,0.32125058421197794,0.3159480203943228,0.5060465745625365,0.6082126036806055,0.7615148657810141,0.7373096876688835,0.14939559889352014,0.30057617343917925,0.31765130982794665,0.30305714224794067,0.3006383804163009,0.43500603216095,0.5520869482913818,0.7511282704155675,0.8103538504119361,0.15770807950097482,0.3037038557630377,0.3131604822632309,0.30043989836278934,0.297276519321967,0.4430110857282676,0.6082145035493266,0.7787538585764263,0.7838301222092202,0.14353670456717924,0.3202805471650258,0.32388422742755996,0.3128905771036448,0.3068131345853769,0.4852341378906978,0.6259347571881092,0.7694262682595336,0.805467648894908,0.13661117520733007,0.26864588634249975,0.29168094461881794,0.27428073437561984,0.2644082923268425,0.3887287955485841,0.5804466028086532,0.7913786714298416,0.8042061160355244,0.14693785706147014,0.2780089907356794,0.28574108496785394,0.2806297521887935,0.27132405972323287,0.38119321603742595,0.5841708259061458,0.7837580169981831,0.8134574305874814,0.15307841236285602,0.29450074147152877,0.3025618659258922,0.2906074209073735,0.28217792748187787,0.3941245980440741,0.5764902904788467,0.7914793698114,0.7461054032472418,0.1365481536865464,0.23890560991944126,0.24860926512129813,0.23777750791545266,0.23565959966863428,0.3451101929560799,0.5620499838616154,0.7732548805738354,30,3.0
0.7840130081533659,0.13066486751599202,0.32021284123540006,0.3329439872958906,0.32694866658369853,0.3245094356184861,0.4933131335340643,0.663799312316626,0.8092514488385285,0.8207651913915346,0.13926782379747782,0.31405759258621047,0.33192911522146773,0.3232021013232229,0.31759031946482136,0.4974515973421378,0.6514704141044394,0.7133523605004992,0.8266974157883661,0.12280059868106874,0.31773280862812486,0.33679967137533756,0.32934973863172345,0.3206559111849309,0.492077819787412,0.681424492473985,0.8413242697787638,0.7888423527082864,0.14874378744835084,0.3244978137839429,0.33408983796224956,0.3253967046202038,0.32049818276935466,0.4958216420830897,0.6615159690379927,0.793501309867426,0.7856844654758921,0.12052908725633078,0.3087141247463867,0.3303186410700505,0.3215976901067344,0.31689704883333647,0.4928162848905065,0.6545621707380914,0.7867026486743658,0.7786503542891501,0.12608538331083072,0.31738205009506004,0.33429856911002087,0.3248260453586638,0.32019619050960546,0.49745638654353996,0.6568428255695696,0.8050523328654535,0.7877140357381027,0.14508933242065872,0.3316379403973763,0.3402310138962508,0.3294674512844645,0.3278241560948401,0.519868331749939,0.6695454834861992,0.795621246765866,0.7702285519951205,0.14476991426231317,0.3334159695453987,0.33716097241672116,0.32685948546181276,0.3274325047186671,0.5316389759626613,0.6665640610882091,0.7820912797465284,0.7310052689918383,0.13280975814717869,0.3188448825650917,0.33381054517078546,0.3237744274396212,0.32299715485103225,0.47430693993675405,0.6008810063894143,0.777564123953818,0.7724843819202898,0.14388998889334362,0.31150633270734934,0.33228898023089876,0.3217556863952152,0.3170185138797098,0.4720468929636904,0.6295934447847732,0.8201304455382795,0.7878401199596347,0.12414197495262326,0.31994535269973595,0.3337528449562402,0.3277432734485833,0.32485879835929293,0.5158066062427177,0.6638468247936373,0.7797606457878806,0.7944057477783721,0.11864406015543258,0.32314074980893664,0.33558488481000165,0.326402232355313,0.32151499645457754,0.5063993324815879,0.6665530198097832,0.7923779869972775,0.7919128500260514,0.12646786013995157,0.3255239179995421,0.33508903810271284,0.32679319412417396,0.32268123584370717,0.5093969918115308,0.6794243812594148,0.7953266887492424,0.781499194585274,0.12472434458450576,0.32435461885124006,0.33629286204367576,0.3271957743573469,0.326578366356964,0.521386047052134,0.6669243788450752,0.7941634978279789,0.8142349855244895,0.14460822587862854,0.32733979264196844,0.33502550550689786,0.32497210067952487,0.31633126152366436,0.49408576227149564,0.7074119721937933,0.8384082378599423,0.7682710628611941,0.13073241763640314,0.3160939695681006,0.333385007907064,0.3233613160267597,0.32025826413601477,0.49230502625920314,0.6684075246110058,0.8012169108241547,0.7771109505162236,0.13907671205846014,0.3223492577059605,0.33315592803311783,0.3232499743841455,0.31823615509068637,0.4813048719920043,0.6447931679425108,0.7934173789396983,31,9.0
0.8700245459223627,0.16256329943200973,0.31958326633168693,0.32529538485610343,0.31290707478503893,0.29812660376993194,0.4113898236783969,0.7152322906301943,0.7835511827823699,0.7966654374214189,0.15693931404572523,0.3007382583962448,0.3095977273997892,0.29894733388524364,0.28979565628370946,0.37220704403329125,0.7111038063909916,0.7542999448044887,0.8059568821712831,0.15326036638884422,0.31925372210812003,0.3314066917495274,0.31859567289575913,0.3041305677799966,0.4000701677248706,0.737945852438191,0.7911967631204808,0.778318622095985,0.12787772441418024,0.3058372870500792,0.31841538141503656,0.310372477285816,0.30131008231105294,0.4036457905276167,0.7545176707314527,0.7849436232276549,0.7887073334941958,0.1452152175201818,0.2801922951045844,0.290016744612928,0.27841305238236075,0.2762837504487114,0.3743231224698458,0.7205611750665435,0.74365007805015,0.8093239334726983,0.143816223200233,0.292089105164144,0.3028325417065849,0.29894127926426484,0.2873607647890119,0.38396190988028844,0.7281287143417691,0.7875156182708212,0.848334826777423,0.15586547582348298,0.30671246662902685,0.31360587897782694,0.307191003910471,0.30271859851766614,0.4481977358562948,0.696880673693808,0.7922766594861093,0.8053798307515873,0.15545251840377067,0.32566060157909477,0.32867425554866714,0.3212764732374354,0.3242268554880845,0.5334481288467499,0.6780397305136869,0.7803180208755757,0.7938493616848493,0.1482613493506179,0.32149839508519457,0.3298433461770402,0.32350102892040244,0.32496642609444254,0.5336834677328056,0.6932924774977701,0.7924747646650144,0.7606362702523921,0.10329762150180348,0.2947869936484652,0.31576058212111374,0.3107538617852078,0.30504176779493547,0.46089746538737003,0.6808375780736872,0.6231167106936788,0.8535035353449659,0.13257509651372518,0.31520069952171953,0.3206180360374303,0.30922975431008054,0.3013394347846352,0.4503017850665546,0.6994452623022076,0.7865191133215722,0.8121569663474492,0.14159460476307556,0.2661758396583755,0.27616752963077884,0.27919380566346286,0.2860411239829163,0.42088721877781343,0.7103356846325107,0.7677462315143802,0.8547100071414244,0.1379483133776257,0.2985228557776078,0.3125403615768888,0.3000993493340589,0.29003069064792325,0.3861760228517968,0.7111884059839713,0.797510440703026,0.8718347980339575,0.14910440633188352,0.3109287123348918,0.3150695275591467,0.3070662873174481,0.29350600695906476,0.41742625471451433,0.6684748680750268,0.7745852019912121,0.8301786052053712,0.13546190749038223,0.3142235469512681,0.32376632567721014,0.3099482623069795,0.298510067757216,0.3914285881981687,0.7328235015221318,0.7909924449295906,0.8453878847869327,0.14718703528024413,0.3251025738659122,0.3291555119049462,0.3176381260837622,0.3107689201371136,0.41695811057597265,0.746489854671274,0.7894508858718821,0.7825468012856893,0.1292668246490716,0.27459613657252424,0.2843489313653097,0.2822849734474417,0.2841156067049545,0.37547345108601093,0.7224060040732517,0.7408127341992495,33,6.0
0.8074787944716343,0.11607014409974416,0.3231169037408628,0.3291592233953002,0.3204354847666532,0.3198678924921521,0.5373835435945634,0.6910502175083245,0.8065493638986251,0.7602857698666474,0.12626847052330778,0.28107909827249816,0.3015200843400577,0.2897872908905602,0.2963741016862326,0.4791198585507191,0.6678165815840693,0.6427170861892048,0.8152888859692297,0.11223707409389685,0.3117571959056166,0.3141539760953847,0.31172627143319664,0.30621102040972414,0.49241562738370553,0.6842284971669058,0.7897583507988601,0.7084697936902554,0.10184490738326092,0.2692390808924437,0.28315909375019066,0.27885627086229303,0.2885455732881358,0.4455622246666449,0.6527029777642774,0.5426629054024297,0.8565562066887653,0.1426490147648372,0.2904269684028227,0.28966981957532323,0.27883708327202134,0.2775063226975214,0.4272875793981329,0.6715662313784823,0.7973029204310706,0.8611717023415039,0.12325723693788845,0.253839781678343,0.26629509888987407,0.2651028900234984,0.26660494458224065,0.4223917715436466,0.6710949269102349,0.7977273001045826,0.8759507406988309,0.15219866227938575,0.2848425502421366,0.2895530458480766,0.2723647694820126,0.2644334328447018,0.3860195515742416,0.664195222411321,0.7873971399018271,0.8527266180363724,0.1176523003969062,0.2597479098338846,0.2775830889981599,0.26532946610601127,0.2600066083497559,0.37498851856442633,0.6819938351582066,0.7961630220465424,0.7907001280116045,0.1319387441189181,0.3287394730501005,0.3388484333630333,0.3295460634680407,0.3327769868933558,0.5797205452825555,0.6757111511459251,0.797653714881109,0.8089720712627549,0.1226161579145436,0.3207509388155042,0.3257787170713765,0.3193565101877205,0.31853789667318677,0.5273408223129687,0.6390295140593435,0.8011416266399521,0.7939548196539309,0.11699369060504262,0.30636244590089257,0.3199185506681201,0.3171512406163119,0.3089750149707184,0.5149016249750477,0.68512168613347,0.7927090295047297,0.8029222426327067,0.12949939386369805,0.3145455046469371,0.3247335442559095,0.3164325473931275,0.31650427236629813,0.5247570677725043,0.6939166821958631,0.7820699540838411,0.8322517912466582,0.13226554174038813,0.252913325828603,0.24689441050130062,0.24097658326299606,0.24980549228791046,0.40035431015906187,0.690096495699666,0.8024100215077618,0.8436442341637654,0.13607492652089187,0.24904444689500546,0.2384344043276903,0.2203378996900092,0.21897263052146745,0.36894355460442546,0.6873335963569179,0.7960443509464433,0.8389442235603649,0.13317082746824632,0.28102757629047165,0.2788500049738733,0.26624961876693476,0.26422672367172045,0.39966750569544346,0.7021028948976593,0.8023775931302519,0.8587770268641299,0.15943853456942667,0.3016304254925824,0.29472721046176376,0.2712679269629948,0.25783411492860236,0.3845527616325115,0.6806800120299129,0.8045611106838136,0.8611368304351946,0.13090315666757277,0.27011210286078635,0.2698175957905951,0.2627048261459195,0.2693043567896658,0.4215194277012918,0.6603293606572117,0.8122907766420687,35,2.0
0.7997904300421056,0.121605504165577,0.3222911108589285,0.33701801602217507,0.3296908627969676,0.3233397281426746,0.535043881938093,0.6875197040298939,0.8246505616731239,0.7838178115879063,0.13343896093212612,0.3291384131118846,0.3376918695491537,0.32917705905400796,0.32707233273965797,0.5495066915009341,0.6719721498525018,0.7775556043347809,0.8214557218637254,0.1218536777678955,0.31885408269332105,0.3366247825098248,0.32631358136358585,0.31873435799062133,0.5208834050415455,0.709722627904754,0.8278611256238276,0.7833570588690509,0.12607877120261599,0.32818599424211564,0.33642295683260465,0.3281193186916548,0.3286827605867239,0.5604727689022942,0.6977426305582161,0.7894194537111147,0.8646440117087275,0.15429972182386878,0.31821699155901867,0.3274366625402847,0.3098281843021843,0.2952987942741144,0.429095708527959,0.7019318710418045,0.7862264951597064,0.852299593626711,0.13533232176511198,0.32342036937455215,0.3281463016986467,0.3127232504834757,0.2928954927109138,0.4086133069598957,0.7098398138020716,0.8279183602255359,0.7768548199161078,0.12598875449236976,0.3375907216308419,0.33860468279679207,0.3311356307604184,0.33364323565416953,0.5583592365004583,0.66151289148974,0.7819253020836354,0.7681760597836993,0.15419363821036347,0.32677706946971186,0.3327973292399127,0.32163496191279173,0.3115957099271932,0.5078648111177317,0.6739863693773085,0.7757650877246102,0.8623966169811558,0.11059670048985559,0.3136908254636758,0.3353528619537593,0.3252902445397177,0.3278076817578406,0.5538860660064518,0.6570000080223244,0.8078848831020798,0.7585927297172861,0.15682011952563146,0.33590587450799486,0.34015540420299284,0.3298846685138936,0.3296433099048626,0.5636694103978741,0.6686592822005347,0.7815611463628831,0.7852289509870998,0.14962016728717054,0.33305402969204473,0.33822375285119527,0.32810748999580686,0.3274269556323019,0.5537367643410489,0.6910863380848308,0.785305419938828,0.7834149429748588,0.1352564075124439,0.3333506390530013,0.34058926337567985,0.32929845265526253,0.3311775487160388,0.558807531279761,0.6820175659781338,0.7819392759429592,0.8507577728358198,0.1440593202371726,0.3258276681202452,0.32288455496224305,0.3098895886920784,0.29241545458961826,0.4433086266019529,0.6741384627275585,0.7773220560947605,0.864561303290394,0.15538875755581577,0.30867383537455456,0.309833020987989,0.29211066436510064,0.27140704901450935,0.37150174787272805,0.7054913050160808,0.8202496678237509,0.8035366337907035,0.14412573096199185,0.33705824644975013,0.3366949644120453,0.3265403849029225,0.3201929893962397,0.5219523681062196,0.6881973503701542,0.7773490445693648,0.8304268945152317,0.1367848449646288,0.32859290906590605,0.334568502534079,0.32417436439873515,0.31331002671837094,0.4803556141475892,0.6971424176968792,0.7949456992321366,0.8303865014067106,0.14421348780200696,0.32641260571757214,0.334983982751267,0.3205728622587594,0.30881203493777265,0.4669918992328346,0.7095922215716125,0.8217126838729047,37,0.0
0.7972477154492573,0.1362385367770288,0.31643031596233834,0.33282298313388925,0.31955345530352813,0.31626542176824207,0.48453244066400114,0.6863025694816541,0.7980106785521938,0.8348457255723983,0.1440964579869749,0.3094468104247636,0.3219191844163324,0.3065463222304765,0.29734645095556544,0.4242302411237566,0.702738974778768,0.7950850781326958,0.8351499138025656,0.1374658254334848,0.3008071617407363,0.30816532162848087,0.28579928994507464,0.26746403166707244,0.38486266356636145,0.7195041782124301,0.7904691300534425,0.8330773921506002,0.15853601974219964,0.305712867623803,0.3147145233096425,0.2994100334503211,0.28627180431749444,0.44321269142508535,0.7353680106325269,0.7906617030546355,0.783221238551088,0.13652177900603718,0.2846682810135806,0.29919290460387915,0.2830911883570138,0.2730118083285483,0.37883102066131186,0.7125989821548033,0.7415588861242655,0.8019207933957906,0.13516139177523032,0.29036789524792495,0.29617134971230097,0.28081763351896605,0.26963536560355633,0.36450862480216606,0.7135081870067579,0.7707198254223606,0.8755441280875009,0.1364654929481151,0.3050430131160269,0.3169864044361055,0.3020614934427364,0.290593422037357,0.4168660498622223,0.6876007137771789,0.7786548630278626,0.873395439298031,0.12601307484902335,0.28044185564619367,0.28930502126209745,0.2818896338152302,0.2777286612241251,0.4156176668036757,0.6998419404387881,0.7947608190594385,0.8140840557089208,0.1141478888822953,0.30505399542563,0.3254049588054998,0.317755630559148,0.3167843878799043,0.5000578435075296,0.682033570416924,0.7907359429525779,0.850288545305223,0.14137345950373378,0.3209555295589822,0.3286283822764406,0.3162986099990071,0.3070506926299001,0.45498963079360666,0.6560358468842538,0.8258284710367209,0.8250342169218668,0.14178264582859157,0.28080942372455564,0.2893537291770923,0.27311482867468817,0.26282846444070623,0.40153824478021366,0.699927188864153,0.783140156671516,0.8353069276252083,0.12696474153399756,0.3008883801225796,0.3161318327648606,0.30521741350234843,0.29043734667025317,0.425958633635686,0.7026276540941053,0.7865798868862853,0.8723015218165877,0.15728020718111008,0.283030402160876,0.2847798548804548,0.27218930660270113,0.2681990030190408,0.38078298145858197,0.6805267270384606,0.7777806512337203,0.8750377169062413,0.1432087493101239,0.2965829593592929,0.30654003161685967,0.29149459886847384,0.2831683835620913,0.4189911803511305,0.6849734112780632,0.7821298471561897,0.8029118900291796,0.13253150519755383,0.29685653442431575,0.30777093302855857,0.2932702266210883,0.2825327799815244,0.3992199556407372,0.7165301671385267,0.7623199684294865,0.8492030812760263,0.15536268032905126,0.31744407577164274,0.3211875274910181,0.30895070933910074,0.2952308305867048,0.43700878577551483,0.7148445872871291,0.803097364178076,0.7918320740794826,0.14722257844916184,0.30069422400729356,0.31306141468209653,0.29654354113721515,0.28357599911798304,0.4057391034295616,0.7141507687369701,0.745053907709063,38,7.0
0.7863761739144267,0.13023861348432872,0.31784906142764935,0.3356185689294966,0.3264225841771807,0.3205788458753211,0.5190279351253828,0.6709880456846914,0.7711767512655958,0.8124470680546219,0.13306482080437823,0.3130686751271632,0.325137689240122,0.3172792796117534,0.3047558446330891,0.4269859881859304,0.6664924821134725,0.7684037009923455,0.8689343627850663,0.14946722384309608,0.3180628108260974,0.3255627461226599,0.31007189137950675,0.29599976399409894,0.4272310664200915,0.6776170156803607,0.7926718666952007,0.8390189435764465,0.15307231860659298,0.3036966461762313,0.302026494541917,0.2845044178451363,0.2756142993672039,0.4040288457342257,0.6801202114810432,0.784240321023805,0.8116593564212001,0.12675701567959904,0.30914012825671167,0.32515447262464414,0.3131830830199427,0.3025433405223002,0.4475181326714517,0.6873617934263493,0.7573336377196317,0.78824414399021,0.11005046282445996,0.2977472452237119,0.3226779987246059,0.31723404308355674,0.31196485976921834,0.4924087221461764,0.6746245873871993,0.7099104822453125,0.8142247640706864,0.13321366496493747,0.3116385622463376,0.32776312413061065,0.31894090061109637,0.30986407225224033,0.4805132113927814,0.6568098914061603,0.7841605870585928,0.8206106492857312,0.12569850606597224,0.31252184208614536,0.3284556920146722,0.31952166738041676,0.31438240562315894,0.46456216228128755,0.6591519738215406,0.7871524580995386,0.7892673692569719,0.12666450791463058,0.31456393810938343,0.33401982764898414,0.3259089923266487,0.32432054189853327,0.538046286618791,0.6810590180369085,0.7670553111836261,0.7769299800044683,0.13103684818908223,0.3271977653074577,0.3370729434012855,0.32623665650332867,0.3218895027774082,0.5029874896757619,0.6626786674117442,0.7758562389869423,0.8273975786390931,0.1328121704311041,0.31844900699388917,0.3315188253113959,0.3197069657532261,0.31299162267911435,0.47494667568092547,0.6639271603473462,0.7890799608122139,0.8193206236831042,0.14105132101451262,0.3131548603139613,0.32849145128458873,0.3184287321512779,0.31024160558064906,0.468521857799873,0.6669441644101634,0.7806499343352452,0.8259923944209591,0.13336379534079942,0.31949744896673316,0.3307866083679049,0.3200957964649033,0.30825450978328683,0.4609211948185785,0.6635739105997203,0.7805996809941419,0.8379809912782051,0.12973293792623222,0.3127192430284349,0.32583702625841515,0.3147887957135683,0.30755798708362786,0.44356524256445956,0.6661415736303444,0.7815751139309652,0.8261331405814932,0.14635813012825832,0.3037086558558874,0.3148466914191632,0.3027427877637201,0.29394520711219085,0.3967769549767632,0.6471690469458157,0.7836968625981315,0.7616686403203109,0.1327826367201337,0.2989115239513325,0.3142399919123557,0.29707584561700906,0.2862043414421223,0.4244156793290373,0.6501566322496998,0.7993479446641162,0.8271883432665822,0.12259333411526843,0.2941660185153557,0.3112759159980283,0.299469445376124,0.2884828297209156,0.4083105889930015,0.6871378236530583,0.7487159726670559,39,8.0
0.8346742524206049,0.1605442207105729,0.31843907582227365,0.31840928595426776,0.30604838734140644,0.3001880473348478,0.4449653735339983,0.6955697278431857,0.7967773753046122,0.8224802513334442,0.13475088988639078,0.3155374992866717,0.33598718946523426,0.32566953688647415,0.31754400436725105,0.5241712546485449,0.6793967279268788,0.8364472053128621,0.8355505687675323,0.14954344613351864,0.320897146207689,0.33211712439096974,0.31850741416662653,0.3085406227084117,0.4566345210644302,0.6753427059285548,0.7825559900166642,0.8434211776350466,0.15185094095249976,0.32719947614546235,0.32983766924959534,0.3173140010241952,0.3060208721166676,0.4501779288390905,0.6843988546763502,0.7771488863281771,0.8145662636443729,0.13136030425475553,0.3282166444417148,0.3364758925437308,0.323454458895131,0.31570604667376195,0.5101705877737437,0.6907001470149278,0.8206618930713548,0.8202549696729498,0.11903113573676342,0.31915258414816755,0.3330047857816278,0.3209298563111076,0.31857063999998475,0.4948767529954235,0.6947753689368279,0.8113325830164053,0.797771843964282,0.14204326558839384,0.33033085438215737,0.33726900161629747,0.3302313970349145,0.326914715735872,0.538431246212879,0.6739440921438433,0.7990517108597748,0.7976609606178753,0.13339645859625482,0.32476160020408706,0.33808306416717326,0.33210652915528355,0.32812192348535446,0.5529328530160128,0.6833281285221133,0.8020761810789563,0.8056137815353612,0.14424236079286515,0.33229929666428726,0.3354518072822371,0.32588627428302935,0.32345787391883396,0.5176373648986434,0.6709445966539094,0.7855657731571908,0.801923075630447,0.14160449448199722,0.3313273233373255,0.3362585971602975,0.3270575230945255,0.32350910181168596,0.5209422792703295,0.6688445627972686,0.7869779496719825,0.7799680798939612,0.16505972934721477,0.3283773807973285,0.3371134284880968,0.3290001316334852,0.3269078890695698,0.538270077826716,0.6527028487614082,0.787797843948307,0.7742187098519934,0.14333666499700493,0.3363211838171996,0.3396898228158318,0.33148486028775087,0.32907164520683646,0.5464647915212527,0.6565198558274284,0.7799623611756423,0.7965542285756111,0.1289418791155968,0.3357729876680232,0.33981160562003043,0.3287478280676501,0.32905255086141,0.546033048363989,0.673270417760711,0.7807388925229852,0.7944982038870884,0.1507628798853428,0.33208502889248814,0.3373880848692944,0.33097927846162567,0.32809439407637475,0.5480596065990759,0.6816492728726207,0.7854020226920582,0.8431906870035033,0.14188204582812242,0.31767846936002736,0.3217704999639122,0.30877642657936566,0.30074036199574444,0.44261414829633866,0.6975195231143885,0.7882586249753889,0.865977184876343,0.13951012262994475,0.3211589410997766,0.3310376790458684,0.316437332518528,0.2978825306713599,0.41932639775350766,0.7133908984692542,0.7832349017607779,0.8394240830718006,0.10749513379068482,0.30987998066725875,0.3282473120138729,0.3186143845136416,0.31297115114792917,0.49577150615842086,0.710610313791247,0.8306267107416105,40,4.0
0.8819365484327129,0.16485997771490377,0.3259076454230688,0.31269546589898906,0.3106726227588356,0.3003776008673557,0.40957013662073743,0.6835521215546473,0.7915850656860909,0.8807310033846575,0.16762079485386067,0.30470262597874476,0.3090274645444834,0.3101918001017128,0.304368191438381,0.43216653568294533,0.6735600878177925,0.7776658239016585,0.8530753473589407,0.13960849378171927,0.3033549125111405,0.3030026752715048,0.30329481779235173,0.2913735755838279,0.42965233103213796,0.7281223277983978,0.7984728023096344,0.8635880595998292,0.16364883944598616,0.3265892252731054,0.3186395406336913,0.3164522458335159,0.2987027146871294,0.4444768579867744,0.7389446979352,0.8126405116918566,0.7017488432541843,0.13379994525804692,0.2281057641008719,0.23100936182621107,0.26193482369042914,0.29227071642241076,0.43484709954305856,0.7144325290586072,0.8242840279017509,0.6478026977147299,0.1638831623665331,0.2601757318884725,0.24128751632068057,0.2715692698806203,0.306390688606638,0.45870412243029285,0.7185557470928651,0.7847101738490135,0.7779974449582651,0.15699480589796705,0.3307561098681817,0.325738049665139,0.3221944907558355,0.32868184353519275,0.5257718506123661,0.6661001745280714,0.7810284398430611,0.8343465139122779,0.15613298291741326,0.2606394630468276,0.2690148168292425,0.29035791655039606,0.2917199660315778,0.4097379631472963,0.7010883478736398,0.8195716574167791,0.8471318952389562,0.15465846895037508,0.30860144191548666,0.29960146380773695,0.30383430878081985,0.30033155330932865,0.4185908742905318,0.6992085273366778,0.8407038283182716,0.8627285042859916,0.13889803940468173,0.3039537777335743,0.29852631987945816,0.3108370277878797,0.30567121850159623,0.4183050901259051,0.6903727200424603,0.8509540560303964,0.8682663434558796,0.16109234580137183,0.30507038926567315,0.29377537262099307,0.30012264447588555,0.3080233736241989,0.46803835994571635,0.6844782260629702,0.7829625354962817,0.8882236058812323,0.13709511844438171,0.30803146857707314,0.29306375213956287,0.3011275278880845,0.2925728155976952,0.42091330495974316,0.7142583692275898,0.7893496277609009,0.9227769193922523,0.15174970493213394,0.32014059977118453,0.3158565188416408,0.3168950003357908,0.3004853654614626,0.4082024033774988,0.6759014861609248,0.7683145632470407,0.649416013389227,0.12336247913626269,0.22068227968021115,0.23812529291407578,0.2606829702437456,0.27818853406845356,0.4074794941274823,0.6937151863320727,0.8065500821224758,0.7229850069659358,0.1628627921878524,0.2773649289239536,0.2701205431050989,0.28887530936595407,0.30009785609957373,0.47494534560495233,0.6757516011252132,0.7995280058061234,0.7756059069594398,0.15461210230435624,0.285030553837708,0.29029408276743046,0.30559301221457796,0.30585865339114676,0.47844615939156876,0.7346114386091703,0.8182012203309798,0.5834482971126537,0.16903478234977673,0.2253078396728378,0.20425297751450328,0.23694259663623182,0.3139858477354976,0.45759778017093033,0.732878789822234,0.8045761256965681,41,7.0
0.7953573605607416,0.12293571672698304,0.310807985990909,0.32970299580585055,0.3208982736022907,0.3173986125395376,0.5158291271377884,0.6958654980097312,0.7590686559610015,0.8279002381006212,0.13349080067700678,0.30969966462596793,0.3250409725164731,0.3139361729969308,0.3069894561145962,0.46213650498257997,0.7041500002174879,0.7804639980945808,0.8112600415859667,0.10876496090578558,0.3025503254989183,0.32444127085393354,0.3205179211771062,0.3117422318546661,0.501592916198857,0.6836153403592341,0.769916601024047,0.8035499705803616,0.12043170294771628,0.30335698729669736,0.3229936418167078,0.3129352928644878,0.30996343435754886,0.49237551900249604,0.7022878587442363,0.7701816933333149,0.8078605591167117,0.09958079915890704,0.29180425497711704,0.32363161606208013,0.3163951891019471,0.3115851544978803,0.5117160110430873,0.6927532848050654,0.7316214758253811,0.7839704352023579,0.10224686882246452,0.2795097780198076,0.3026773974484124,0.29301412264157484,0.29496150957781453,0.4893057005986799,0.685316248800794,0.6982325316471452,0.7972098353141706,0.12445788640853436,0.3157555794277633,0.33329002331174784,0.32642251832122177,0.32359688648161755,0.5536283454127899,0.6874589115899249,0.7795801502028137,0.7947743474816058,0.10584282110690243,0.31425122976097974,0.3353606770436118,0.32680322115031263,0.3255812273579226,0.5610701176447339,0.6896514501965099,0.7714061829275494,0.7980556603794335,0.11074173018578987,0.31508082370493046,0.33395224410187035,0.3276233911122409,0.3268279622248701,0.5570243011645649,0.6851490191170402,0.7714382564709521,0.7971130410536965,0.14033640269527525,0.3213153618744113,0.3348388099368891,0.3238473690353377,0.3214273011893211,0.5247710125641015,0.6909320835387677,0.7808054522922249,0.7686109105978218,0.1395069058358134,0.3331513972058187,0.33815608793013296,0.3299348684277802,0.3332223410219784,0.558001324753859,0.6473949282858372,0.7694314787235379,0.7920239347523591,0.12330152722512497,0.3215804803114692,0.3336332027991115,0.32495231827496157,0.3227745401385867,0.5204087740132574,0.6749015142527124,0.7778447950358632,0.7855264179018349,0.12074296851739597,0.3241145588143191,0.3374134379650873,0.3277654632902589,0.32860106800840394,0.569009558983306,0.6859193844605541,0.7744618259941115,0.8129093364193588,0.11323050568445102,0.2947419259057805,0.31575514816680916,0.3096823230793331,0.30676581382557466,0.5084846510657186,0.6969598080552356,0.7738447788245572,0.8270334574415741,0.13419353298969772,0.30820172890335606,0.32137948389031634,0.31121277193247227,0.3075804140828313,0.475594288610457,0.7052975481578532,0.7819519927691225,0.8122292493199927,0.12499801940009166,0.3032809366104345,0.3248377387522565,0.31265936450827386,0.30549648240795535,0.4919151143061679,0.7092817400413457,0.770764812304992,0.7662943984270906,0.1084350921927892,0.28373116347865085,0.313905805278835,0.3096940932696347,0.31047252102627204,0.5210755592572696,0.6851229663437961,0.6585241717754969,43,6.0
